sku,row_type,name,brand,category,sheet,status,finding,caveat,facts_scored,copy_enriched,prose_words,bullets,spec_rows,spec_rows_informative,meta_len,has_short_desc,has_image,gallery_images,has_dimensions,model_number,status_published,import_evidence,supplier_sheet,research_file,finding_theme
IMS/MEC/00270,top,Disc Cube,SKYMSEN,Food Preparation > Processor Discs & Blades,,Complete,,,,1,89,4,6,4,116,1,1,0,0,GC16,published,,SKYMSEN (16),skymsen-research.md,
IMS/MEC/00271,top,Disc Z8,SKYMSEN,Food Preparation > Processor Discs & Blades,,Complete,,,,1,75,5,7,5,155,1,1,0,0,Z8,published,,SKYMSEN (16),skymsen-research.md,
IMS/MEC/00272,top,Disc Z5,SKYMSEN,Food Preparation > Processor Discs & Blades,,Complete,,,,1,67,5,7,5,148,1,1,0,0,Z5,published,,SKYMSEN (16),skymsen-research.md,
IMS/MEC/00273,top,Disc W4,SKYMSEN,Food Preparation > Processor Discs & Blades,,Complete,,,,1,69,5,7,5,152,1,1,0,0,W4,published,,SKYMSEN (16),skymsen-research.md,
IMS/MEC/00274,top,Disc H3,SKYMSEN,Food Preparation > Processor Discs & Blades,,Complete,,,,1,64,5,7,5,152,1,1,0,0,H3/EH3,published,,SKYMSEN (16),skymsen-research.md,
IMS/MEC/02131,top,Disc -E3,SKYMSEN,Food Preparation > Processor Discs & Blades,,Complete,,,,1,68,5,7,5,151,1,1,0,0,E3,published,,SKYMSEN (16),skymsen-research.md,
IMS/MEC/02319,top,Slicer Disc - 14MM,SKYMSEN,Food Preparation > Processor Discs & Blades,,Complete,,,,1,101,6,8,6,146,1,1,0,0,14MM,published,,SKYMSEN (16),skymsen-research.md,
IMG/FPR/00042,top,Vegetable Processor PA7,SKYMSEN,Food Preparation > Vegetable Processors,,Complete,,,,1,143,6,14,12,147,1,1,4,1,PA-7,published,,SKYMSEN (16),skymsen-research.md,
IMG/FPR/00130,top,Manual Vegetable Slicer Systematic JSCV-2200,SYSTEMATIC,Food Preparation > Vegetable Processors,FOOD PREPARATION,Complete,,thin listing,0,0,38,0,0,0,0,1,1,0,1,JSCV-2200,published,,,systematic-kayalar-research.md,
IMG/FPR/00131,top,Cheese Cuber Systematic JSCC-9,SYSTEMATIC,Food Preparation > Vegetable Processors,FOOD PREPARATION,Complete,,thin listing,0,0,30,0,0,0,0,1,1,0,1,JSCC-9,published,,,sap-reconciliation-research.md;systematic-kayalar-research.md,
IMG/FPR/00132,top,Vegetable Chopper and Dicer Systematic JSEC-08,SYSTEMATIC,Food Preparation > Vegetable Processors,FOOD PREPARATION,Complete,,thin listing,0,0,26,0,0,0,0,1,1,0,1,JSEC-08,draft,,,sap-reconciliation-research.md;systematic-kayalar-research.md,
IMG/FPR/00133,top,Lettuce Cutter Systematic JSVC2100,SYSTEMATIC,Food Preparation > Vegetable Processors,FOOD PREPARATION,Complete,,thin listing,0,0,32,0,0,0,0,1,1,0,1,JSVC2100,published,,,sap-reconciliation-research.md;systematic-kayalar-research.md,
IMG/FPR/00177,top,Vegetable Processor S-QC205,ASTAR,Food Preparation > Vegetable Processors,,Complete,,,,1,81,5,11,8,137,1,1,0,1,S-QC205,published,,,astar-research.md;henan-research.md,
IMG/FPR/00212,top,Root Vegetable Cutting Machine,HENAN,Food Preparation > Vegetable Processors,,Complete,,,,1,139,6,16,13,154,1,1,1,1,KL-100-6,published,,,henan-research.md,
IMG/FPR/00234,top,Salad and Vegetable Dryer 40 Lt 220V SY.40-09,EMPERO,Food Preparation > Vegetable Processors,,Complete,,,,1,71,4,10,7,157,1,1,0,1,SY.40-09,published,,EMPEROxx (7),empero-research.md,
IMG/FPR/00239,top,Commercial Vegetable Food Processor QC205A,KITCHENWARE,Food Preparation > Vegetable Processors,FOOD PREPARATION,Sources disagree,SAP 750 W vs 350 W (QC205) and 1000 W (QC205A),,,1,17,1,4,1,111,1,1,1,1,QC205A,published,,WANHUI (4),henan-research.md;kitchenware-research.md,Other spec value
IMG/FPR/00250,top,Assorted Blade 3PACK R301UD,ROBOT COUPE,Food Preparation > Processor Discs & Blades,FOOD PREPARATION,Sources disagree,Part number 2006 is not a Robot Coupe reference. Robot Coupe lists the serrated blades as 18565 and 18566. Confirm the actual part.,,,0,0,0,0,0,0,1,1,1,1,2006,archived,,"ROBOT COUPE (1), FOOD PROCESSORS (1)",robot-coupe-research.md;robot-coupe-sammic-zummo-research.md,Model code / identity
IMG/FPR/00018,top,Combination Processor R301,ROBOT COUPE,Food Preparation > Vegetable Processors,,Complete,,,,1,137,6,14,12,133,1,1,2,1,R301,published,,"ROBOT COUPE (1), FOOD PROCESSORS (1)",robot-coupe-research.md;robot-coupe-sammic-zummo-research.md,
IMG/FPR/00183,top,Cutter Mixer - ASKL-650,ASTAR,Food Preparation > Vegetable Processors,,Complete,,,,1,32,3,4,1,141,1,0,0,1,ASKL-650,draft,,,astar-research.md,
IMG/FPR/00110,top,Potato Chipper Table Top Kayalar,KAYALAR,Food Preparation > Potato Chippers,FOOD PREPARATION,Sources disagree,"photograph is a Waring spice grinder, not a potato chipper",,,1,80,3,5,2,156,1,1,0,0,153155040,published,KAYALARxx / Kayalar `153155040 (exact),KAYALARxx (4),systematic-kayalar-research.md;waring-research.md,Wrong photograph
IMS/MEC/00309,top,Male Blade for Chipper 10MM,SKYMSEN,Food Preparation > Potato Chippers,,Complete,,,,1,98,4,8,5,144,1,1,0,0,DAK,archived,,SKYMSEN (16),empero-research.md;skymsen-research.md,
IMS/MEC/00312,top,Female Blade for Chipper 10MM,SKYMSEN,Food Preparation > Potato Chippers,,Complete,,,,1,99,4,8,5,144,1,1,0,0,DAK,archived,,SKYMSEN (16),empero-research.md;skymsen-research.md,
IMG/FPR/00127,top,Potato Chipper on Stand Systematic JSPCC-08,SYSTEMATIC,Food Preparation > Potato Chippers,FOOD PREPARATION,Complete,,thin listing,6,0,0,7,0,0,0,1,1,0,1,JSPCC-08,published,,,skymsen-research.md;systematic-kayalar-research.md,
IMG/FPR/00050,top,Potato Smasher on Stand,SKYMSEN,Food Preparation > Potato Mashers,,Complete,,,,1,146,6,10,7,156,1,1,1,0,DAK,draft,,SKYMSEN (16),skymsen-research.md,
FAB/FPR/00241,top,Potato Peeler 50 Kg Sheffield,SHEFFIELD,Food Preparation > Potato Peelers,FOOD PREPARATION,Our records only,no external source published - written from our own records,,,1,141,6,12,9,124,1,1,0,0,PP50,published,,,empero-research.md,Other spec value
FAB/FPR/00315,top,Potato Peeler 25 Kg Sheffield,SHEFFIELD,Food Preparation > Potato Peelers,FOOD PREPARATION,Our records only,no external source published - written from our own records,,,1,141,6,12,9,124,1,1,0,0,PP25,published,,,empero-research.md,Other spec value
FAB/FPR/00372,top,Potato Peeler 15 Kg Sheffield,SHEFFIELD,Food Preparation > Potato Peelers,FOOD PREPARATION,Our records only,no external source published - written from our own records,,,1,141,6,12,9,124,1,1,0,0,PP15,published,,,empero-research.md,Other spec value
FAB/FPR/00435,top,Potato Peeler 10 Kg Sheffield,SHEFFIELD,Food Preparation > Potato Peelers,FOOD PREPARATION,Our records only,no external source published - written from our own records,,,1,141,6,11,8,124,1,1,0,0,PP10,published,,,empero-research.md,Other spec value
FAB/FPR/00458,top,Potato Peeler 30 Kg Sheffield,SHEFFIELD,Food Preparation > Potato Peelers,FOOD PREPARATION,Our records only,no external source published - written from our own records,,,1,141,6,11,8,124,1,1,0,0,PP30,published,,,empero-research.md,Other spec value
IMG/FPR/00008,top,Potato Peeler 20 Kg Empero,EMPERO,Food Preparation > Potato Peelers,,Complete,,,,1,84,5,10,7,128,1,1,1,1,PS.09,published,,EMPEROxx (7),empero-research.md,
IMG/FPR/00048,top,Potato Peeler 25KG Skymsen,SKYMSEN,Food Preparation > Potato Peelers,,Complete,,,,1,141,6,14,12,145,1,1,1,1,DB-25HD,published,,SKYMSEN (16),skymsen-research.md,
IMG/FPR/00105,top,Potato Peeler 20KG P120 Sammic,SAMMIC,Food Preparation > Potato Peelers,,Complete,,,,1,132,6,16,13,142,1,1,1,1,PI-20,archived,,,robot-coupe-sammic-zummo-research.md,
IMG/FPR/00246,top,"Potato Peeler with Door, Stainless Steel 10KG",SKYMSEN,Food Preparation > Potato Peelers,,Complete,,,,1,148,6,14,12,146,1,1,0,1,DB-10,published,,SKYMSEN (16),robot-coupe-sammic-zummo-research.md;sap-reconciliation-research.md,
IMG/FPR/00046,top,Meat Slicer Ø 300MM,HK-REDLINE,Food Preparation > Meat Slicers,FOOD PREPARATION,Sources disagree,no electrical rating - needs the Kenyan-build figure,,,1,137,6,10,7,80,1,1,3,1,300ES-12,published,,"H KITCHEN (43), KASSIDYxx (2)",hk-redline-research.md,Electrical rating
IMG/FPR/00179,top,Meat Slicer Ø 250MM,HK-REDLINE,Food Preparation > Meat Slicers,,Complete,,,,1,112,4,8,5,87,1,1,2,1,250ES-10,published,,"H KITCHEN (43), KASSIDYxx (2)",hk-redline-research.md,
IMG/FPR/00164,top,Meat Grinder 22 Model TK -22,ASTAR,Food Preparation > Meat Mincers,FOOD PREPARATION,Sources disagree,"0.85 kW is the TD-12 row, the TK-22 is 1100 W",,,1,80,5,11,8,152,1,1,0,0,TK-22,published,,,astar-research.md,Electrical rating
IMG/FPR/00178,top,Meat Grinder 42 Model TC-42,ASTAR,Food Preparation > Meat Mincers,,Complete,,,,1,76,5,12,9,115,1,1,0,1,TC-42,published,,,astar-research.md,
IMG/FPR/00181,top,Meatball Making Machine,ASTAR,Food Preparation > Meat Ball Machines,FOOD PREPARATION,Sources disagree,"dimensions shared with 00180, one of the two is wrong",,,1,86,5,8,5,152,1,1,0,1,SXW-280,published,,,astar-research.md;sap-reconciliation-research.md,Dimensions
IMG/FPR/00215,top,Meat Slicer 300,SKYMSEN,Food Preparation > Meat Slicers,,Complete,,,,1,111,6,14,11,144,1,1,0,1,CFI-300L-N,published,,SKYMSEN (16),skymsen-research.md,
IMG/FPR/00251,top,Meat Mincer TC-22,HK-REDLINE,Food Preparation > Meat Mincers,,Complete,,,,1,89,4,8,5,87,1,1,0,1,TC-22,published,,"H KITCHEN (43), KASSIDYxx (2)",hk-redline-research.md,
IMG/FPR/00252,top,Meat Mincer JT32,HK-REDLINE,Food Preparation > Meat Mincers,,Complete,,,,1,99,5,6,3,138,1,1,0,1,JT32,published,,"H KITCHEN (43), KASSIDYxx (2)",hk-redline-research.md,
IMG/FPR/00253,top,Bone Sawer JG210,HK-REDLINE,Food Preparation > Bone Saws,FOOD PREPARATION,Sources disagree,cutting 4-180 mm / table 195x220 vs our 5-155 / 500x380,,,1,69,3,6,3,76,1,1,1,1,JG210,published,,"H KITCHEN (43), KASSIDYxx (2)",hk-redline-research.md,Dimensions
IMG/FPR/00254,top,Bone Sawer JG310,HK-REDLINE,Food Preparation > Bone Saws,FOOD PREPARATION,Sources disagree,bench and cutting figures disagree with the maker,,,1,132,6,14,11,77,1,1,0,1,JG310,published,,"H KITCHEN (43), KASSIDYxx (2)",hk-redline-research.md,Other spec value
IMG/FPR/00255,top,Bone Sawer HLS-2400,HK-REDLINE,Food Preparation > Bone Saws,,Complete,,,,1,93,6,3,0,71,1,1,0,0,HLS-2400,published,,"H KITCHEN (43), KASSIDYxx (2)",hk-redline-research.md,
IMG/FPR/00906,top,Bone Saw Blade 1650MM,SHEFFIELD,Food Preparation > Bone Saws,FOOD PREPARATION,No supplier data,no source located - no description and no specification table,,,0,0,0,0,0,0,1,0,0,0,,archived,,,sap-reconciliation-research.md,Nothing published
IMG/FPR/00051,top,Bone Saw Free Standing SI-282HD,SKYMSEN,Food Preparation > Bone Saws,,Complete,,,,1,94,6,14,12,148,1,1,7,1,SI-282HD,published,,SKYMSEN (16),sap-reconciliation-research.md;skymsen-research.md,
IMG/FPR/00184,top,Manual Hamburger Press 130,ASTAR,Food Preparation > Hamburger Press Machines,,Complete,,,,1,52,6,8,5,159,1,1,0,1,130,published,,,astar-research.md,
IMG/FPR/00180,top,Electric Sausage Stuffer,ASTAR,Food Preparation > Sausage Stuffers,FOOD PREPARATION,Sources disagree,"dimensions shared with 00181, one of the two is wrong",,,1,68,5,11,8,122,1,1,0,1,TB-10L,published,,,astar-research.md;sap-reconciliation-research.md,Dimensions
IMG/HOT/00196,top,Tumble Marinator,ASTAR,Food Preparation > Marinators,,Complete,,,,1,79,4,5,2,152,1,1,0,1,BC-135L,published,,,astar-research.md,
IMG/FPR/00231,top,Vacuum Packing Machine DZ300,OEM SHEFFIELD,Food Preparation > Vacuum Packers,FOOD PREPARATION,Sources disagree,ultimate vacuum figure is not credible as stated,,,1,150,5,10,7,149,1,1,0,1,DZ300,published,,"GUANGZHOU (8), HY (2), KASSIDYxx (2), ELABORATEXxx (2)",oem-sheffield-research.md,Other spec value
IMG/FPR/00232,top,Vacuum Packing Machine DZ400,OEM SHEFFIELD,Food Preparation > Vacuum Packers,FOOD PREPARATION,Sources disagree,"stored dimensions are the vacuum chamber, not the machine",,,1,151,5,12,9,150,1,1,0,1,DZ400,published,,"GUANGZHOU (8), HY (2), KASSIDYxx (2), ELABORATEXxx (2)",oem-sheffield-research.md,Dimensions
IMG/FPR/00012,top,Chopping Board Blue,HK-REDLINE,Food Preparation > Chopping Boards & Blocks,FOOD PREPARATION,Complete,,thin listing,3,1,13,3,5,3,71,1,1,0,1,N/A,published,,"H KITCHEN (43), KASSIDYxx (2)",hk-redline-research.md,
IMG/FPR/00014,top,Chopping Board White,HK-REDLINE,Food Preparation > Chopping Boards & Blocks,FOOD PREPARATION,Complete,,thin listing,3,1,13,3,5,3,72,1,1,0,1,N/A,published,,"H KITCHEN (43), KASSIDYxx (2)",hk-redline-research.md,
IMG/FPR/00015,top,Chopping Board Yellow,HK-REDLINE,Food Preparation > Chopping Boards & Blocks,FOOD PREPARATION,Complete,,thin listing,3,1,13,3,5,3,73,1,1,0,1,N/A,published,,"H KITCHEN (43), KASSIDYxx (2)",hk-redline-research.md,
IMG/FPR/00080,top,Chopping Board Green,SHEFFIELD,Food Preparation > Chopping Boards & Blocks,FOOD PREPARATION,Our records only,no external source published - written from our own records,,,1,0,0,0,0,0,1,1,0,1,GREEN,published,,,,Other spec value
IMG/FPR/00277,top,Chopping Block 600X600X100,H-KITCHEN,Food Preparation > Chopping Boards & Blocks,FOOD PREPARATION,Complete,,thin listing,1,1,15,1,4,1,90,1,1,0,1,PB606010,published,,"H KITCHEN (2), BRAVO (1)",h-kitchen-research.md;sap-reconciliation-research.md,
IMG/FPR/00081,top,Chopping Board Red,HK-REDLINE,Food Preparation > Chopping Boards & Blocks,FOOD PREPARATION,Complete,,thin listing,3,1,12,3,5,3,66,1,1,0,1,RED,published,,"H KITCHEN (43), KASSIDYxx (2)",hk-redline-research.md,
FAB/DIS/00007,top,Meat Display Counter 1500,SHEFFIELD,Displays > Meat Displays,DISPLAYS,Our records only,no external source published - written from our own records,,,1,120,4,13,10,126,1,1,0,1,MD1500,published,,,,Other spec value
FAB/DIS/00010,top,Meat Display Counter 2000,SHEFFIELD,Displays > Meat Displays,DISPLAYS,Our records only,no external source published - written from our own records,,,1,120,4,13,10,126,1,1,0,1,MD2000,published,,,,Other spec value
IMG/FPR/00022,top,Blender Bar 1.25 Litres Santos 33E,SANTOS,Juice Processors > Blenders,,Complete,,,,1,120,5,9,6,145,1,1,8,1,33EA,published,,SANTOS (3),santos-research.md,
IMG/FPR/00023,top,Blender Kitchen 2+4 Litres Santos 37A,SANTOS,Juice Processors > Blenders,,Complete,,,,1,103,5,10,7,157,1,1,10,1,37-A,published,,SANTOS (3),santos-research.md,
IMG/FPR/00034,top,Blender Kitchen SS,SKYMSEN,Juice Processors > Blenders,,Complete,,,,1,144,6,10,9,127,1,1,5,0,,published,,SKYMSEN (16),skymsen-research.md;variant-children-gap-research.md,
IMG/FPR/00033,variant,Blender Kitchen SS [3-litres],SKYMSEN,Juice Processors > Blenders,,Complete,,,,0,0,0,0,0,0,0,1,,1,LAR-03MB-N,published,,SKYMSEN (16),skymsen-research.md;variant-children-gap-research.md,
IMG/FPR/00034,variant,Blender Kitchen SS [4-litres],SKYMSEN,Juice Processors > Blenders,,Complete,,,,0,0,0,0,0,0,0,1,,1,LAR-04MB-N,published,,SKYMSEN (16),skymsen-research.md;variant-children-gap-research.md,
IMG/FPR/00036,variant,Blender Kitchen SS [8-litres],SKYMSEN,Juice Processors > Blenders,,Complete,,,,0,0,0,0,0,0,0,1,,1,LAR-08MB-N,published,,SKYMSEN (16),skymsen-research.md;variant-children-gap-research.md,
IMG/FPR/00037,variant,Blender Kitchen SS [10-litres],SKYMSEN,Juice Processors > Blenders,,Complete,,,,0,0,0,0,0,0,0,1,,1,LAR-10MB-N,published,,SKYMSEN (16),skymsen-research.md;variant-children-gap-research.md,
IMG/FPR/00038,top,Blender Kitchen 25 Litres SS,SKYMSEN,Juice Processors > Blenders,JUICE PROCESSORS,Sources disagree,model number: workbook LAR 25MB vs record LAR-25LMB,,,1,117,6,13,11,125,1,1,0,1,LAR-25LMB,published,SKYMSEN / Skymsen `LAR-25-LMB (exact),SKYMSEN (16),skymsen-research.md,Model code / identity
IMG/FPR/00093,top,Brushless Commercial Blender,SHEFFIELD,Juice Processors > Blenders,JUICE PROCESSORS,Our records only,no external source published - written from our own records,,,0,0,10,0,0,0,1,1,0,1,SHG902,published,,,oem-placeholder-brands-research.md,Other spec value
IMS/MEC/01890,top,Complete Jug Set for Brushless Blender,NINGBO,Juice Processors > Blenders,JUICE PROCESSORS,No supplier data,no source located - no description and no specification table,,,0,0,0,0,0,0,1,0,0,0,-,archived,,,oem-placeholder-brands-research.md,Nothing published
IMG/FPR/00169,top,Blender Bar 2 Litres Skymsen,SKYMSEN,Juice Processors > Blenders,,Complete,,,,1,136,6,14,12,141,1,1,2,1,BM2,published,,SKYMSEN (16),skymsen-research.md,
IMG/FPR/00217,top,Hand Immersion Blender 350W H-Kitchen,H-KITCHEN,Juice Processors > Blenders,JUICE PROCESSORS,Complete,,thin listing,3,1,17,3,3,0,86,1,1,0,0,IB350CV,published,,"H KITCHEN (2), BRAVO (1)",h-kitchen-research.md,
IMG/FPR/00218,top,Hand Immersion Blender 500W H-Kitchen,HK-REDLINE,Juice Processors > Blenders,,Complete,,,,1,128,5,9,6,94,1,1,1,0,IB500LV,published,,"H KITCHEN (43), KASSIDYxx (2)",hk-redline-research.md,
IMG/FPR/00219,top,Immersion Blender Tube 250 Mm,,Juice Processors > Blenders,JUICE PROCESSORS,No supplier data,no source located - no description and no specification table,,,0,0,0,0,0,0,1,0,0,0,BLD250,draft,,,,Nothing published
IMG/FPR/00220,top,Immersion Blender Tube 300 Mm,H-KITCHEN,Juice Processors > Blenders,,Complete,,,,1,116,5,8,5,130,1,1,0,0,BLD300,published,,"H KITCHEN (2), BRAVO (1)",h-kitchen-research.md,
IMG/FPR/00221,top,Immersion Blender Tube 400 Mm,H-KITCHEN,Juice Processors > Blenders,,Complete,,,,1,110,5,6,3,129,1,1,0,0,BLD400,published,,"H KITCHEN (2), BRAVO (1)",h-kitchen-research.md,
IMG/FPR/00222,top,Whisk Attachment for Immersion Blender 250MM,HK-REDLINE,Juice Processors > Blenders,,Complete,,,,1,107,4,7,4,103,1,1,1,0,WIK250,archived,,"H KITCHEN (43), KASSIDYxx (2)",hk-redline-research.md,
IMG/FPR/00227,top,Immersion Blender CMP 400 VV,ROBOT COUPE,Juice Processors > Blenders,,Complete,,,,1,135,6,15,13,127,1,1,3,1,CMP 400 V.V,published,,"ROBOT COUPE (1), FOOD PROCESSORS (1)",robot-coupe-research.md;robot-coupe-sammic-zummo-research.md,
IMG/FPR/00228,top,Immersion Blender CMP 300 VV,ROBOT COUPE,Juice Processors > Blenders,JUICE PROCESSORS,Sources disagree,"dimensions identical to the CMP 400 row, contaminated",,,1,142,6,15,13,127,1,1,3,1,CMP 300 V.V,published,,"ROBOT COUPE (1), FOOD PROCESSORS (1)",robot-coupe-research.md;robot-coupe-sammic-zummo-research.md,Dimensions
IMG/FPR/00274,top,Kitchen Blender with Soundproof Cover,H-KITCHEN,Juice Processors > Blenders,JUICE PROCESSORS,Complete,,thin listing,3,1,18,2,4,1,109,1,1,3,1,8002,published,,"H KITCHEN (2), BRAVO (1)",h-kitchen-research.md,
IMG/BUF/00043,top,Juice Dispenser Clear Jug,OEM SHEFFIELD,Beverage Machines > Juice Dispensers,,Complete,,,,1,25,4,5,2,124,1,1,0,1,HY-605-1,published,,"GUANGZHOU (8), HY (2), KASSIDYxx (2), ELABORATEXxx (2)",oem-placeholder-brands-research.md;oem-sheffield-research.md,
IMG/BUF/00092,top,Juice Dispenser 1 Bowl - Capacity: 10 Litres,KITCHENWARE,Beverage Machines > Juice Dispensers,,Complete,,,,1,112,5,11,8,148,1,1,1,0,SJD10A,published,,WANHUI (4),kitchenware-research.md,
IMG/BUF/00129,top,Juice Dispenser 3 Tank LSP-18X3,HK-REDLINE,Beverage Machines > Juice Dispensers,,Complete,,,,1,57,5,8,5,117,1,1,0,1,LSP-18X3,published,,"H KITCHEN (43), KASSIDYxx (2)",hk-redline-research.md,
IMG/BUF/00130,top,Juice Dispenser 2 Tank LSP-18X2,HK-REDLINE,Beverage Machines > Juice Dispensers,,Complete,,,,1,57,5,8,5,117,1,1,0,1,LSP-18X2,published,,"H KITCHEN (43), KASSIDYxx (2)",hk-redline-research.md,
IMG/BUF/00131,top,Juice Dispenser 1 Tank 34-1A Santos,SANTOS,Beverage Machines > Juice Dispensers,,Complete,,,,1,76,4,8,5,135,1,1,2,1,34-1A,published,,SANTOS (3),santos-research.md,
IMG/BUF/00151,top,Juice Dispenser 2 Tank 34-2A Santos,SANTOS,Beverage Machines > Juice Dispensers,,Complete,,,,1,78,4,4,1,133,1,1,1,0,34-2A,draft,,SANTOS (3),santos-research.md,
IMG/BUF/00152,top,Juice Dispenser 3 Tank 34-3A Santos,SANTOS,Beverage Machines > Juice Dispensers,,Complete,,,,1,78,4,4,1,135,1,1,1,0,34-3A,draft,,SANTOS (3),santos-research.md,
IMG/FPR/00021,top,Citrus Juicer Santos 10A,SANTOS,Juice Processors > Citrus & Orange Juicers,,Complete,,,,1,87,5,10,7,143,1,1,5,1,10A,published,,SANTOS (3),santos-research.md,
IMG/FPR/00027,top,Juice Extractor Centrifugal Santos 68,SANTOS,Juice Processors > Juice Extractors,,Complete,,,,1,126,6,13,10,148,1,1,3,1,68JA,published,,SANTOS (3),santos-research.md,
IMG/FPR/00032,top,Citrus Juicer Santos 70A,SANTOS,Juice Processors > Citrus & Orange Juicers,,Complete,,,,1,77,5,9,6,145,1,1,2,1,70A,published,,SANTOS (3),santos-research.md,
IMG/FPR/00040,top,Juice Extractor Centrifugal Skymsen CSE,SKYMSEN,Juice Processors > Juice Extractors,,Complete,,,,1,125,6,12,9,159,1,1,9,1,CSE,published,,SKYMSEN (16),skymsen-research.md,
IMG/FPR/00079,top,Orange Juicer Z06A-N,ZUMMO,Juice Processors > Citrus & Orange Juicers,JUICE PROCESSORS,Complete,,thin listing,11,0,0,11,0,0,0,1,1,0,1,Z06A-N,published,,,robot-coupe-sammic-zummo-research.md;zummo-research.md,
IMG/FPR/00123,top,Automatic Orange Juicer Cancan 38,CANCAN,Juice Processors > Citrus & Orange Juicers,,Complete,,,,1,121,6,13,10,114,1,1,7,1,CANCAN 38,published,,,cancan-research.md;systematic-kayalar-research.md,
IMG/FPR/00140,top,Automatic Orange Juicer Systematic JSJC-12,SYSTEMATIC,Juice Processors > Citrus & Orange Juicers,JUICE PROCESSORS,Complete,,thin listing,6,0,16,6,0,0,0,1,1,0,1,JSJC-12,published,,,systematic-kayalar-research.md,
IMG/FPR/00174,top,Juice Extractor Santos 50A,SANTOS,Juice Processors > Juice Extractors,,Complete,,,,1,105,6,8,5,146,1,1,2,1,50A,published,,SANTOS (3),santos-research.md,
IMG/FPR/00214,top,Juice Extractor ESB Super N,SKYMSEN,Juice Processors > Juice Extractors,,Complete,,,,1,139,6,14,11,159,1,1,0,1,ESB SUPER-N,published,,SKYMSEN (16),skymsen-research.md,
IMG/FPR/00229,top,Cold Press Juicer Nutrisantos 65,SANTOS,Juice Processors > Juice Extractors,,Complete,,,,1,118,5,11,8,144,1,1,2,1,65A,published,,SANTOS (3),santos-research.md,
IMG/FPR/00230,top,Classic Citrus Juicer 11,SANTOS,Juice Processors > Citrus & Orange Juicers,,Complete,,,,1,76,5,9,6,146,1,1,12,1,11A,published,,SANTOS (3),santos-research.md,
IMG/FPR/00257,top,Juice Extractor WF-B3000,HK-REDLINE,Juice Processors > Juice Extractors,,Complete,,,,1,92,5,11,8,76,1,1,0,0,WF-B3000,published,,"H KITCHEN (43), KASSIDYxx (2)",hk-redline-research.md,
IMG/FPR/00139,top,Sugarcane Juicing Machine Systematic,SYSTEMATIC,Juice Processors > Sugarcane Juicers,JUICE PROCESSORS,Complete,,thin listing,6,0,0,6,0,0,0,1,1,0,1,JSESCJ-300,published,,,systematic-kayalar-research.md,
IMG/ICE/00019,top,Milk Shake Mixer Single Skymsen,SKYMSEN,Juice Processors > Milk Shake Mixers,,Complete,,,,1,146,6,13,10,158,1,1,1,1,BMS-N,published,,SKYMSEN (16),skymsen-research.md,
IMG/ICE/00020,top,Milk Shake Mixer Triple Skymsen,SKYMSEN,Juice Processors > Milk Shake Mixers,,Complete,,,,1,138,6,13,10,115,1,1,9,1,BMS-3-N,published,,SKYMSEN (16),skymsen-research.md,
IMG/ICE/00021,top,Milk Shake Mixer Single Waring,WARING,Juice Processors > Milk Shake Mixers,,Complete,,,,1,107,6,10,7,151,1,1,3,1,WDM120K,published,,WARING (2),tefcold-waring-research.md;waring-research.md,
IMG/ICE/00040,top,Milk Shaker Double BL-018,HK-REDLINE,Juice Processors > Milk Shake Mixers,,Complete,,,,1,114,5,12,9,128,1,1,0,1,BL-018,published,,"H KITCHEN (43), KASSIDYxx (2)",hk-redline-research.md,
IMG/REF/00032,top,Upright Glass Door Chiller Single 7008 Blueline,SHEFFIELD BLUELINE,Refrigeration > Upright Chillers,,Complete,,,,1,49,10,11,8,154,1,1,0,1,GN650TNG,published,,BLUELINE (23),sheffield-blueline-research.md,
IMG/REF/00034,top,Counter Chiller 9007 Blueline,SHEFFIELD BLUELINE,Refrigeration > Counter Chillers,,Complete,,,,1,46,8,11,8,135,1,1,0,1,GN1100TN,published,,BLUELINE (23),sap-reconciliation-research.md;sheffield-blueline-research.md,
IMG/REF/00036,top,Counter Chiller 1407 Blueline,SHEFFIELD BLUELINE,Refrigeration > Counter Chillers,,Complete,,,,1,46,8,11,8,137,1,1,0,1,GN2100TN,published,,BLUELINE (23),sap-reconciliation-research.md;sheffield-blueline-research.md,
IMG/REF/00037,top,Counter Chiller 1807 Blueline,SHEFFIELD BLUELINE,Refrigeration > Counter Chillers,,Complete,,,,1,46,8,11,8,136,1,1,0,1,GN3100TN,published,,BLUELINE (23),sheffield-blueline-research.md,
IMG/REF/00041,top,Barline Chiller 2207 Blueline,SHEFFIELD BLUELINE,Refrigeration > Barline Chillers,,Complete,,,,1,46,8,11,8,137,1,1,0,1,GN4100TNG,published,,BLUELINE (23),sheffield-blueline-research.md,
IMG/REF/00042,top,Upright Solid Door Dual Chiller Freezer 2 Door Blueline,SHEFFIELD BLUELINE,Refrigeration > Upright Chillers,,Complete,,,,1,52,4,11,8,136,1,1,0,1,GN1200BTV,published,,BLUELINE (23),sheffield-blueline-research.md,
IMG/REF/00043,top,Drawer Counter Chiller 6 Drawers 1800 Blueline,SHEFFIELD BLUELINE,Refrigeration > Drawer Chillers,,Complete,,,,1,53,6,10,7,160,1,1,0,1,U-GN3160TN,published,,BLUELINE (23),sap-reconciliation-research.md;sheffield-blueline-research.md,
IMG/REF/00044,top,Upright Solid Door Chiller 1 Door Blueline,SHEFFIELD BLUELINE,Refrigeration > Upright Chillers,,Complete,,,,1,50,10,11,8,153,1,1,0,1,GN650TN,published,,BLUELINE (23),sheffield-blueline-research.md,
IMG/REF/00049,top,Upright Glass Door Chiller Single 8007 DGD,TECNODOM,Refrigeration > Upright Chillers,,Complete,,,,1,100,6,17,14,150,1,1,0,1,AF07EKOMTNPV,published,,TECNODOM (8),sap-reconciliation-research.md;tecnodom-research.md,
IMG/REF/00057,top,Blast Chiller 5 Trays DGD,TECNODOM,Refrigeration > Blast Chillers,,Complete,,,,1,134,6,18,17,156,1,1,2,1,ATT-05,published,,TECNODOM (8),tecnodom-research.md,
IMG/REF/00060,top,Upright Solid Door Chiller 2 Door DGD AF14PKMTN,TECNODOM,Refrigeration > Upright Chillers,,Complete,,,,1,90,6,16,13,147,1,1,1,1,AF14PKMTN,published,,TECNODOM (8),tecnodom-research.md,
IMG/REF/00062,top,Upright Solid Door Chiller 1 Door DGD AF07PKMTN,TECNODOM,Refrigeration > Upright Chillers,,Complete,,,,1,86,7,16,13,148,1,1,0,1,AF07PKMTN,published,,TECNODOM (8),tecnodom-research.md,
IMG/REF/00095,top,Upright Solid Door Chiller 2 Door Blueline GN1410TN,SHEFFIELD BLUELINE,Refrigeration > Upright Chillers,,Complete,,,,1,50,10,11,8,155,1,1,0,1,GN1410TN,published,,BLUELINE (23),sheffield-blueline-research.md,
IMG/REF/00097,top,Upright Glass Door Chiller Double 1408 Blueline GN1410TNG,SHEFFIELD BLUELINE,Refrigeration > Upright Chillers,,Complete,,,,1,49,9,11,8,157,1,1,0,1,GN1410TNG,published,,BLUELINE (23),sheffield-blueline-research.md,
IMG/REF/00099,top,Drawer Counter Chiller 8 Drawers 2200 Blueline,SHEFFIELD BLUELINE,Refrigeration > Drawer Chillers,,Complete,,,,1,53,6,9,6,129,1,1,0,1,U-GN4180TN,published,,BLUELINE (23),sheffield-blueline-research.md,
IMG/REF/00102,top,Counter Chiller 2207 Blueline GN4100TN,SHEFFIELD BLUELINE,Refrigeration > Counter Chillers,,Complete,,,,1,46,8,11,8,136,1,1,0,1,GN4100TN,published,,BLUELINE (23),sheffield-blueline-research.md,
IMG/REF/00105,top,Barline Chiller 1207 Blueline GN2100TNG-1200,SHEFFIELD BLUELINE,Refrigeration > Barline Chillers,,Complete,,,,1,46,8,11,8,143,1,1,0,1,GN2100TNG-1200,published,,BLUELINE (23),sheffield-blueline-research.md,
IMG/REF/00106,top,Barline Chiller 1507 Blueline GN2100TNG-1500,SHEFFIELD BLUELINE,Refrigeration > Barline Chillers,,Complete,,,,1,46,8,11,8,143,1,1,0,1,GN2100TNG-1500,published,,BLUELINE (23),sheffield-blueline-research.md,
IMG/REF/00107,top,Barline Chiller 1807 Blueline GN3100TNG,SHEFFIELD BLUELINE,Refrigeration > Barline Chillers,,Complete,,,,1,46,8,11,8,137,1,1,0,1,GN3100TNG,published,,BLUELINE (23),sheffield-blueline-research.md,
IMG/REF/00126,top,3 Door Counter Chiller 1800X600X860 SNACK3100TN-1800,SHEFFIELD BLUELINE,Refrigeration > Counter Chillers,,Complete,,,,1,48,8,11,8,146,1,1,0,1,SNACK3100TN,published,,BLUELINE (23),blueline-research.md;sheffield-blueline-research.md,
IMG/REF/00136,top,Bulk Milk Chiller 500 Litres BMC-500,ICEMAKE,Refrigeration > Milk Chillers,,Complete,,,,1,129,6,20,17,155,1,1,1,1,BMC-500,published,,,icemake-research.md,
IMG/REF/00144,top,Barline Chiller 1207 Blueline,SHEFFIELD BLUELINE,Refrigeration > Barline Chillers,REFRIGERATION,Sources disagree,"our record is 1360 wide, SAP says 1200",,,1,46,8,11,8,138,1,1,0,1,GN2100TNG,published,BLUELINE / SHEFFIELD  BLUELINE `GN2100TNG (exact),BLUELINE (23),sap-reconciliation-research.md;sheffield-blueline-research.md,Other spec value
IMG/REF/00155,top,Barline Chiller 2206 Blueline,SHEFFIELD BLUELINE,Refrigeration > Barline Chillers,,Complete,,,,1,46,8,11,8,140,1,1,0,1,SNACK4100TNG,published,,BLUELINE (23),sheffield-blueline-research.md,
IMG/REF/00156,top,Solid Door Chiller 1 Door Under Counter DR200 S/S,SHEFFIELD BLUELINE,Refrigeration > Counter Chillers,,Complete,,,,1,54,7,11,8,140,1,1,0,1,DR200 S/S,published,,BLUELINE (23),sheffield-blueline-research.md,
IMG/REF/00157,top,Upright Solid 1 Door Chiller 600 Sries DR400 S/S,SHEFFIELD BLUELINE,Refrigeration > Upright Chillers,,Complete,,,,1,53,8,11,8,137,1,1,0,1,DR400 S/S,published,,BLUELINE (23),sap-reconciliation-research.md;sheffield-blueline-research.md,
IMG/REF/00160,top,Barline Chiller 1406 Blueline,SHEFFIELD BLUELINE,Refrigeration > Barline Chillers,,Complete,,,,1,46,8,11,8,140,1,1,1,1,SNACK2100TNG,published,,BLUELINE (23),sheffield-blueline-research.md,
IMG/REF/00161,top,Barline Chiller 1806 Blueline,SHEFFIELD BLUELINE,Refrigeration > Barline Chillers,,Complete,,,,1,46,8,11,8,140,1,1,0,1,SNACK3100TNG,published,,BLUELINE (23),sheffield-blueline-research.md,
IMG/REF/00166,top,Counter Chiller with 4 Drawers,SHEFFIELD BLUELINE,Refrigeration > Drawer Chillers,,Complete,,,,1,47,6,9,6,136,1,1,0,1,GN2140TN,published,,BLUELINE (23),sheffield-blueline-research.md,
IMG/REF/00167,top,Counter Chiller with 4 Drawers & 1 Door,SHEFFIELD BLUELINE,Refrigeration > Drawer Chillers,,Complete,,,,1,52,4,11,8,128,1,1,0,1,GN3140TN,published,,BLUELINE (23),sheffield-blueline-research.md,
IMG/REF/00168,top,3 Door Saladette Counter 1340 Blueline,SHEFFIELD BLUELINE,Refrigeration > Saladette & Salad Counters,,Complete,,,,1,48,4,11,8,141,1,1,0,1,S903,published,,BLUELINE (23),sap-reconciliation-research.md;sheffield-blueline-research.md,
IMG/REF/00177,top,Counter Chiller (Engineering Version) 1200*700,SV-BLUELINE,Refrigeration > Counter Chillers,REFRIGERATION,Complete,,thin listing,5,1,33,4,8,5,151,1,1,0,1,PLR-12N2F(HB),published,,COMENDA (1),sap-reconciliation-research.md;sv-blueline-research.md,
IMG/REF/00178,top,Counter Chiller (Engineering Version) 1500*700,SV-BLUELINE,Refrigeration > Counter Chillers,REFRIGERATION,Complete,,thin listing,5,1,33,4,8,5,151,1,1,0,1,PLR-15N2F(HB),published,,COMENDA (1),sv-blueline-research.md,
IMG/REF/00182,top,Refrigerated Counter Chiller 2 Doors & 4 Drawers (2230*700),SHEFFIELD BLUELINE,Refrigeration > Drawer Chillers,,Complete,,,,1,52,6,11,8,137,1,1,0,1,GN4140TN,published,,BLUELINE (23),sap-reconciliation-research.md;sheffield-blueline-research.md,
IMG/REF/00184,top,Upright Single Solid Door Chiller CFR-20N1F(HB),SV-BLUELINE,Refrigeration > Upright Chillers,REFRIGERATION,Complete,,thin listing,6,1,33,5,8,5,134,1,1,0,1,CFR-20N1F(HB),published,,COMENDA (1),sv-blueline-research.md,
IMG/REF/00186,top,Upright Double Solid Door Chiller CFR-40N2F(HB),SV-BLUELINE,Refrigeration > Upright Chillers,REFRIGERATION,Complete,,thin listing,6,1,36,5,8,5,135,1,1,0,1,CFR-40N2F(HB),published,,COMENDA (1),sv-blueline-research.md,
IMG/REF/00193,top,Blast Chiller for 10 Trays GN1/1 or 60X40-ABBATT,TECNODOM,Refrigeration > Blast Chillers,,Complete,,,,1,137,6,20,18,153,1,1,1,1,P-ATT10EA,published,,TECNODOM (8),tecnodom-research.md,
IMG/REF/00194,top,2 Door Counter Chiller 1200X600X860 SNACK2100TN-1200,BLUELINE,Refrigeration > Counter Chillers,,Complete,,,,1,47,8,11,8,141,1,1,0,1,SNACK2100TN-1200,published,,,blueline-research.md;sheffield-blueline-research.md,
IMG/REF/00195,top,2 Door Counter Chiller 1500X600X860 SNACK2100TN-1500,BLUELINE,Refrigeration > Counter Chillers,,Complete,,,,1,47,8,11,8,141,1,1,0,1,SNACK2100TN-1500,published,,,blueline-research.md;sheffield-blueline-research.md,
IMG/REF/00196,top,4 Door Counter Chiller 2230X600X860 SNACK4100TN,BLUELINE,Refrigeration > Counter Chillers,,Complete,,,,1,47,9,11,8,136,1,1,0,1,SNACK4100TN,published,,,blueline-research.md;sheffield-blueline-research.md,
IMG/REF/00215,top,Counter Chiller 9006 Blueline,SHEFFIELD BLUELINE,Refrigeration > Counter Chillers,,Complete,,,,1,46,4,11,8,138,1,1,0,1,SNACK1100TN,published,,BLUELINE (23),sheffield-blueline-research.md,
IMG/REF/00220,top,Barline Chiller 1506 Blueline SNACK2100TNG-1500,SHEFFIELD BLUELINE,Refrigeration > Barline Chillers,,Complete,,,,1,46,4,11,8,145,1,1,0,1,SNACK2100TNG-1500,published,,BLUELINE (23),sheffield-blueline-research.md,
IMG/REF/00231,top,Counter Chiller (Engineering Version) 1800*700,SV-BLUELINE,Refrigeration > Counter Chillers,REFRIGERATION,Complete,,thin listing,5,1,33,4,8,5,151,1,1,0,1,PLR-18N2F(HB),draft,,COMENDA (1),sv-blueline-research.md,
IMG/REF/00031,top,Upright Solid Door Freezer 2 Semi Doors Blueline,SHEFFIELD BLUELINE,Refrigeration > Upright Freezers,,Complete,,,,1,51,10,11,8,126,1,1,0,1,GN650BTM,published,,BLUELINE (23),sheffield-blueline-research.md,
IMG/REF/00033,top,Upright Glass Door Freezer Single 7008 Meileda,SHEFFIELD BLUELINE,Refrigeration > Upright Freezers,,Complete,,,,1,49,10,11,8,156,1,1,0,1,GN650BTG,published,,BLUELINE (23),sheffield-blueline-research.md,
IMG/REF/00035,top,Counter Freezer 9007 Blueline,SHEFFIELD BLUELINE,Refrigeration > Counter Freezers,,Complete,,,,1,46,8,11,8,137,1,1,0,1,GN1100BT,published,,BLUELINE (23),sheffield-blueline-research.md,
IMG/REF/00038,top,Salad Counter 3 Door 1800 Blueline,SHEFFIELD BLUELINE,Refrigeration > Saladette & Salad Counters,,Complete,,,,1,48,8,11,8,144,1,1,0,1,SH3000/700,published,,BLUELINE (23),sheffield-blueline-research.md,
IMG/REF/00039,top,Salad Counter 3 Door 2000 Blueline,SHEFFIELD BLUELINE,Refrigeration > Saladette & Salad Counters,,Complete,,,,1,48,10,11,8,144,1,1,0,1,SH3000/800,published,,BLUELINE (23),sheffield-blueline-research.md,
IMG/REF/00040,top,2 Door Saladette Counter 1045 Blueline,SHEFFIELD BLUELINE,Refrigeration > Saladette & Salad Counters,,Complete,,,,1,48,8,11,8,142,1,1,0,1,S902V,published,,BLUELINE (23),sheffield-blueline-research.md,
IMG/REF/00045,top,Upright Solid Door Freezer 1 Door Blueline,SHEFFIELD BLUELINE,Refrigeration > Upright Freezers,,Complete,,,,1,50,11,11,8,155,1,1,0,1,GN650BT,published,,BLUELINE (23),sheffield-blueline-research.md,
IMG/REF/00096,top,Upright Solid Door Freezer 2 Door Blueline GN1410BT,SHEFFIELD BLUELINE,Refrigeration > Upright Freezers,,Complete,,,,1,50,4,11,8,158,1,1,0,1,GN1410BT,published,,BLUELINE (23),sheffield-blueline-research.md,
IMG/REF/00098,top,Upright Glass Door Freezer Double 1408 Blueline GN1410BTG,SHEFFIELD BLUELINE,Refrigeration > Upright Freezers,,Complete,,,,1,49,10,11,8,159,1,1,0,1,GN1410BTG,published,,BLUELINE (23),sheffield-blueline-research.md,
IMG/REF/00103,top,Counter Freezer 1207 Blueline GN2100BT-1200,SHEFFIELD BLUELINE,Refrigeration > Counter Freezers,REFRIGERATION,Sources disagree,"supplier sheet prints 860, we and SAP hold 1085",,,1,46,8,11,8,143,1,1,0,1,GN2100BT-1200,published,,BLUELINE (23),sheffield-blueline-research.md,Other spec value
IMG/REF/00104,top,Counter Freezer 1507 Blueline GN2100BT-1500,SHEFFIELD BLUELINE,Refrigeration > Counter Freezers,,Complete,,,,1,46,9,11,8,143,1,1,0,1,GN2100BT-1500,published,,BLUELINE (23),sheffield-blueline-research.md,
IMG/REF/00127,top,Counter Freezer SNACK2100BT 600 Series,SHEFFIELD BLUELINE,Refrigeration > Counter Freezers,,Complete,,,,1,47,4,11,8,148,1,1,0,1,SNACK2100BT,published,,BLUELINE (23),sheffield-blueline-research.md,
IMG/REF/00128,top,Counter Freezer SNACK3100BT 600 Series,SHEFFIELD BLUELINE,Refrigeration > Counter Freezers,,Complete,,,,1,47,8,11,8,148,1,1,0,1,SNACK3100BT,published,,BLUELINE (23),sheffield-blueline-research.md,
IMG/REF/00158,top,Solid Door Freezer 1 Door Under Counter DF200 S/S,SHEFFIELD BLUELINE,Refrigeration > Counter Freezers,,Complete,,,,1,54,10,11,8,142,1,1,0,1,DF200 S/S,published,,BLUELINE (23),sheffield-blueline-research.md,
IMG/REF/00159,top,Upright Solid 1 Door Freezer 600 Sries DF400 S/S,SHEFFIELD BLUELINE,Refrigeration > Upright Freezers,REFRIGERATION,Sources disagree,1800 (ours) vs 1870 (web) vs 1850 (catalogue),,,1,53,10,11,8,139,1,1,0,1,DF400 S/S,published,,BLUELINE (23),sheffield-blueline-research.md,Other spec value
IMG/REF/00217,top,2 Door Counter Freezer 1500X600X860 SNACK2100BT-1500,SHEFFIELD BLUELINE,Refrigeration > Counter Freezers,,Complete,,,,1,48,7,11,8,152,1,1,0,1,SNACK2100BT-150,draft,,BLUELINE (23),sheffield-blueline-research.md,
IMG/REF/00218,top,2 Door Counter Freezer 1200X600X860 SNACK2100BT-1200,SHEFFIELD BLUELINE,Refrigeration > Counter Freezers,,Complete,,,,1,48,9,11,8,153,1,1,0,1,SNACK2100BT-1200,draft,,BLUELINE (23),sheffield-blueline-research.md,
IMG/REF/00219,top,Counter Freezer 9006 SNACK1100BT,SHEFFIELD BLUELINE,Refrigeration > Counter Freezers,REFRIGERATION,Sources disagree,900 is a transcription error for 925,,,1,46,7,11,8,140,1,1,0,1,SNACK1100BT,draft,,BLUELINE (23),sheffield-blueline-research.md,Other spec value
IMG/DIS/00069,top,Refrigerated Pizza Display VRX1500/380 FG,BLUELINE,Refrigeration > Pizza Fridges,REFRIGERATION,Sources disagree,model number: workbook VRX1500/80 vs record VRX1500/380,,,1,95,6,12,9,157,1,1,0,1,VRX1500/380 FG,published,,,blueline-research.md;sheffield-blueline-research.md,Model code / identity
IMG/DIS/00131,top,Widened Island Freezer with Thickened Foam Layer,SV-BLUELINE,Refrigeration > Chest & Island Freezers,,Complete,,,,1,36,4,8,5,139,1,1,0,1,SD/SC-2000K,published,,COMENDA (1),sv-blueline-research.md,
IMG/DIS/00137,top,Refrigerated Pizza Display VRX1800/380 FG,BLUELINE,Refrigeration > Pizza Fridges,REFRIGERATION,Sources disagree,height 440 vs 455 vs 230/435 across three sources,,,1,41,7,10,7,136,1,1,0,1,VRX1800/380 FG,published,,,blueline-research.md;sheffield-blueline-research.md,Dimensions
IMG/REF/00179,top,Counter Chiller (Engineering Version) 1800*600,SV-BLUELINE,Refrigeration > Counter Chillers,REFRIGERATION,Complete,,thin listing,5,1,33,4,8,5,151,1,1,0,1,PLR-18N2F(HB),published,,COMENDA (1),sv-blueline-research.md,
IMG/REF/00183,top,Upright Single Solid Door Freezer CFD-20N1(HB),SV-BLUELINE,Refrigeration > Upright Freezers,,Complete,,,,1,37,6,9,6,147,1,1,0,1,CFD-20N1(HB),published,,COMENDA (1),sv-blueline-research.md,
IMG/REF/00185,top,Upright Double Solid Door Freezer CFD-40N2F(HB),SV-BLUELINE,Refrigeration > Upright Freezers,,Complete,,,,1,37,6,9,6,149,1,1,0,1,CFD-40N2F(HB),published,,COMENDA (1),sv-blueline-research.md,
IMG/REF/00197,top,Single Temperature Double Top Freezer BD/BC-388,SV-BLUELINE,Refrigeration > Chest & Island Freezers,,Complete,,,,1,27,4,5,2,155,1,1,0,1,BD/BC-388,published,,COMENDA (1),sv-blueline-research.md,
IMG/REF/00198,top,Arched Glass Door Freezer SD/SC-158Y,SV-BLUELINE,Refrigeration > Chest & Island Freezers,REFRIGERATION,Sources disagree,"SAP height 800 is internal, the external figure is 850",,,1,47,2,6,3,133,1,1,0,1,SD/SC-158Y,published,,COMENDA (1),sv-blueline-research.md,Dimensions
IMG/REF/00200,top,Island Freezer SD/SC-518,SV-BLUELINE,Refrigeration > Chest & Island Freezers,,Complete,,,,1,32,2,6,3,156,1,1,1,1,SD/SC-518,published,,COMENDA (1),sv-blueline-research.md,
IMG/REF/00201,top,Counter Freezer (Air Cooled Freezing) PLD-15N2F(HB),SV-BLUELINE,Refrigeration > Counter Freezers,REFRIGERATION,Complete,,thin listing,3,1,18,2,4,1,125,1,1,0,1,PLD-15N2F(HB),published,,COMENDA (1),sv-blueline-research.md,
IMG/REF/00202,top,Upright Triple Solid Door Freezer (CFD-60D3F-K),SV-BLUELINE,Refrigeration > Upright Freezers,REFRIGERATION,Complete,,thin listing,3,1,18,2,4,1,121,1,1,0,1,CFD-60D3F-K,published,,COMENDA (1),sv-blueline-research.md,
IMG/REF/00204,top,Order Dish Multifunctional Cabinet (LMD-1894QK),SV-BLUELINE,Displays > Convenience Store Cabinets,DISPLAYS,Complete,,thin listing,3,1,17,2,4,1,121,1,1,0,1,LMD-1894QK,published,,COMENDA (1),sv-blueline-research.md,
IMG/REF/00205,top,Order Dish Convenience Store Cabinet LCD-639,SV-BLUELINE,Displays > Convenience Store Cabinets,,Complete,,,,1,21,4,5,2,131,1,1,0,1,LCD-639,published,,COMENDA (1),sv-blueline-research.md,
IMG/REF/00232,top,Counter Freezer (Air Cooled Freezing) 1500*700,SV-BLUELINE,Refrigeration > Counter Freezers,REFRIGERATION,Complete,,thin listing,5,1,34,4,8,5,150,1,1,0,1,PLD-15N2F(HB),draft,,COMENDA (1),sap-reconciliation-research.md;sv-blueline-research.md,
IMG/REF/00061,top,Upright Solid Door Freezer 1 Door DGD AF07PKMBT,TECNODOM,Refrigeration > Upright Freezers,,Complete,,,,1,112,6,18,15,150,1,1,0,1,AF07PKMBT,draft,,TECNODOM (8),tecnodom-research.md,
IMG/REF/00063,top,Upright Solid Door Freezer 2 Door DGD AF14PKMBT,TECNODOM,Refrigeration > Upright Freezers,,Complete,,,,1,88,6,17,14,151,1,1,0,1,AF14PKMBT,published,,TECNODOM (8),tecnodom-research.md,
IMG/REF/00211,top,Freezer Counter 2 Doors GN 1/1 Mid Line,TECNODOM,Refrigeration > Counter Freezers,,Complete,,,,1,130,6,19,16,154,1,1,0,1,TF02MIDBT,draft,,TECNODOM (8),tecnodom-research.md,
IMG/REF/00212,top,Freezer Counter 3 Doors GN 1/1 Mid Line,TECNODOM,Refrigeration > Counter Freezers,,Complete,,,,1,126,6,21,18,151,1,1,0,1,TF03MIDBT,draft,,TECNODOM (8),tecnodom-research.md,
IMG/DIS/00022,top,Back Bar Cooler Single Door H Kitchen,HK-REDLINE,Refrigeration > Back Bar Coolers,,Complete,,,,1,145,5,8,5,136,1,1,0,1,HK-BC-01B,published,,"H KITCHEN (43), KASSIDYxx (2)",hk-redline-research.md,
IMG/DIS/00023,top,Back Bar Cooler Double Door SS H Kitchen,HK-REDLINE,Refrigeration > Back Bar Coolers,,Complete,,,,1,133,5,8,5,135,1,1,0,1,HK-BC-02B,published,,"H KITCHEN (43), KASSIDYxx (2)",hk-redline-research.md,
IMG/DIS/00024,top,Back Bar Cooler Triple Door H Kitchen,HK-REDLINE,Refrigeration > Back Bar Coolers,,Complete,,,,1,22,4,4,1,97,1,1,0,1,HK-BC-03B,published,,"H KITCHEN (43), KASSIDYxx (2)",hk-redline-research.md,
IMG/DIS/00112,top,Back Bar Cooler Double Door Black H Kitchen,HK-REDLINE,Refrigeration > Back Bar Coolers,,Complete,,,,1,144,5,8,5,131,1,1,0,1,HK-BC-02,published,,"H KITCHEN (43), KASSIDYxx (2)",hk-redline-research.md,
IMG/DIS/00042,top,Bottle Cooler Table Top Tefcold BC 60,TEFCOLD,Refrigeration > Bottle Coolers,,Complete,,,,1,102,6,23,20,152,1,1,1,1,BC 60,published,,TEFCOLDxx (1),tefcold-research.md;tefcold-waring-research.md,
IMG/DIS/00060,top,Bottle Cooler Table Top Tefcold BC 85-1,TEFCOLD,Refrigeration > Bottle Coolers,,Complete,,,,1,112,6,25,22,145,1,1,2,1,BC 85-1,published,,TEFCOLDxx (1),tefcold-research.md;tefcold-waring-research.md,
IMG/DIS/00093,top,Multi Deck Display Cooler V6060SL DGD,TECNODOM,Displays > Multideck & Deli Displays,,Complete,,,,1,128,6,17,14,144,1,1,2,1,V6060SL,published,,TECNODOM (8),tecnodom-research.md,
IMG/DIS/00095,top,Multi Deck Display Cooler VB80250SL DGD,TECNODOM,Displays > Multideck & Deli Displays,,Complete,,,,1,122,6,17,14,143,1,1,1,1,VB80250SL,published,,TECNODOM (8),tecnodom-research.md,
IMG/DIS/00096,top,Multi Deck Display Cooler V60187SL DGD,TECNODOM,Displays > Multideck & Deli Displays,,Complete,,,,1,115,6,18,15,144,1,1,0,1,V60187SL,published,,TECNODOM (8),tecnodom-research.md,
IMG/DIS/00100,top,Multi Deck Display Cooler VS60150SLINOX DGD,TECNODOM,Displays > Multideck & Deli Displays,,Complete,,,,1,111,6,18,15,146,1,1,0,1,VS60150SLINOX,published,,TECNODOM (8),tecnodom-research.md,
IMG/DIS/00106,top,Multi Deck Display Cooler V6080SLINOX DGD,TECNODOM,Displays > Multideck & Deli Displays,,Complete,,,,1,116,6,18,15,142,1,1,0,1,V6080SLINOX,published,,TECNODOM (8),tecnodom-research.md,
IMG/DIS/00120,top,Wine Cooler Upright EWB470G,SHEFFIELD BLUELINE,Refrigeration > Wine Coolers,,Complete,,,,1,70,6,11,8,147,1,1,0,1,EWB470G,published,,BLUELINE (23),sap-reconciliation-research.md;sheffield-blueline-research.md,
IMG/DIS/00142,top,Wine Cooler Under Counter YC-53,H-KITCHEN,Refrigeration > Wine Coolers,,Complete,,,,1,141,5,8,5,136,1,1,1,1,YC-53,published,,"H KITCHEN (2), BRAVO (1)",h-kitchen-research.md,
IMG/DIS/00143,top,Beverage Cooler TYC-120-2D,H-KITCHEN,Refrigeration > Bottle Coolers,,Complete,,,,1,142,5,9,6,142,1,1,1,1,TYC-120-2D,published,,"H KITCHEN (2), BRAVO (1)",h-kitchen-research.md,
IMG/DIS/00146,top,Back Bar Cooler Single Door Black H Kitchen,HK-REDLINE,Refrigeration > Back Bar Coolers,,Complete,,,,1,112,5,8,5,133,1,1,0,1,HK-BC-01,draft,,"H KITCHEN (43), KASSIDYxx (2)",hk-redline-research.md,
IMG/REF/00203,top,Vertical Display Cabinet Triple Door Chiller(Alu Frame) LC-1500(T),SV-BLUELINE,Displays > Multideck & Deli Displays,DISPLAYS,No supplier data,No published specification found for this cabinet.,,,1,20,1,4,1,141,1,1,0,1,LC-1500(T),published,,COMENDA (1),sv-blueline-research.md,Other spec value
IMG/DIS/00132,top,Vertical Display Cabinet Single Door Chiller (Aluminum Frame),SV-BLUELINE,Displays > Multideck & Deli Displays,,Complete,,,,1,35,6,12,9,133,1,1,0,1,LC-298B,published,,COMENDA (1),sv-blueline-research.md,
IMG/DIS/00133,top,Vertical Display Cabinet Double Door Chiller (Aluminum Frame),SV-BLUELINE,Displays > Multideck & Deli Displays,,Complete,,,,1,32,5,11,8,159,1,1,0,1,LC-1200(T),published,,COMENDA (1),sv-blueline-research.md,
IMG/DIS/00001,top,Pastry Display Four Glass Berjaya,BERJAYA,Displays > Pastry Displays,,Complete,,,,1,84,6,15,12,153,1,1,0,1,BJY-4GDC78L-A,published,,BERJAYA (5),berjaya-research.md,
IMG/DIS/00037,top,Pastry Display Square 1500 Evok,TECNODOM,Displays > Pastry Displays,,Complete,,,,1,125,6,15,12,149,1,1,2,1,EVOK150V,published,,TECNODOM (8),tecnodom-research.md,
IMG/DIS/00019,top,Pastry Display Square 1500 FGDG 1500LS-3,HK-REDLINE,Displays > Pastry Displays,,Complete,,,,1,151,6,6,3,139,1,1,1,1,FGDG1.0A-1500LS,published,,"H KITCHEN (43), KASSIDYxx (2)",hk-redline-research.md,
IMG/DIS/00021,top,Pastry Display Square 1500 FGDG 1500LSD-3,HK-REDLINE,Displays > Pastry Displays,,Complete,,,,1,144,6,6,3,130,1,1,1,1,FGDG 1500LSD-3,published,,"H KITCHEN (43), KASSIDYxx (2)",hk-redline-research.md,
IMG/DIS/00020,top,Pastry Display Square 1800,HK-REDLINE,Displays > Pastry Displays,DISPLAYS,Sources disagree,"description is the LILY series, the code is an ORCHID",,,1,144,6,9,6,137,1,1,1,1,FGDG 1800LS-3,published,H KITCHEN / H Kitchen `FGDG1800LS (near),"H KITCHEN (43), KASSIDYxx (2)",hk-redline-research.md,Model code / identity
IMG/DIS/00059,top,Pastry Display Table Top 160L XCW-160L,TUNGSTEN,Displays > Pastry Displays,,Complete,,,,1,115,4,6,3,133,1,1,0,1,XCW-160L,published,,H KITCHEN (1),sunnylux-tecnoroast-tungsten-research.md,
IMG/DIS/00090,top,Pastry Showcase Square 1200 FG-1200LS,ASTAR,Displays > Pastry Displays,,Complete,,,,1,84,4,8,5,149,1,1,1,1,FG-1200LS,published,,,astar-research.md,
IMG/DIS/00126,top,Cake Cabinet Square 900FZ,SV-BLUELINE,Displays > Pastry Displays,,Complete,,,,1,33,4,8,5,134,1,1,0,1,DG-900FZ,published,,COMENDA (1),sv-blueline-research.md,
IMG/DIS/00127,top,Cake Cabinet Square 1200FZ,SV-BLUELINE,Displays > Pastry Displays,,Complete,,,,1,33,4,8,5,137,1,1,0,1,DG-1200FZ,published,,COMENDA (1),sv-blueline-research.md,
IMG/DIS/00128,top,Cake Cabinet Square 1500FZ,SV-BLUELINE,Displays > Pastry Displays,,Complete,,,,1,33,4,8,5,137,1,1,0,1,DG-1500FZ,published,,COMENDA (1),sv-blueline-research.md,
IMG/DIS/00129,top,Cake Cabinet Curved DG-TY700,SV-BLUELINE,Displays > Pastry Displays,,Complete,,,,1,32,4,8,5,126,1,1,1,1,DG-TY700,published,,COMENDA (1),sv-blueline-research.md,
IMG/DIS/00130,top,Cake Cabinet Square DG-TZ700,SV-BLUELINE,Displays > Pastry Displays,,Complete,,,,1,32,4,8,5,126,1,1,1,1,DG-TZ700,published,,COMENDA (1),sv-blueline-research.md,
IMG/DIS/00145,top,Ice Cream Display LK-1.2DD,OUCBOLL,Displays > Ice Cream Displays,DISPLAYS,Our records only,no external source published - written from our own records,,,0,85,6,0,0,0,1,1,0,1,LK-1.2DD,published,,,oem-placeholder-brands-research.md,Other spec value
IMG/DIS/00144,top,Ice Cream Display LK-1.6BY,OUCBOLL,Displays > Ice Cream Displays,DISPLAYS,Our records only,no external source published - written from our own records,,,0,78,7,0,0,0,1,1,0,1,LK-1.6BY,published,,,oem-placeholder-brands-research.md,Other spec value
IMG/DIS/00062,top,Ice Static Display Case Infrico VBZ12,INFRICO,Displays > Ice Cream Displays,,Complete,,,,1,138,6,21,19,153,1,1,3,1,VBZ12S,published,,INFRICO (1),infrico-research.md,
IMG/DIS/00103,top,Warm Display Table Top R60-2,HK-REDLINE,Displays > Warm Displays,,Complete,,,,1,136,5,8,5,141,1,1,0,1,R60-2,published,,"H KITCHEN (43), KASSIDYxx (2)",hk-redline-research.md,
IMG/DIS/00138,top,Heated Display Counter Top 700MM HDS,HDS,Displays > Warm Displays,,Complete,,,,1,156,6,11,8,143,1,1,0,1,HDSHDN-26,published,,,hds-research.md,
IMG/DIS/00139,top,Heated Display Counter Top 900MM HDS,HDS,Displays > Warm Displays,,Complete,,,,1,160,6,11,8,143,1,1,0,1,HDSHDN-36,published,,,hds-research.md,
IMG/OVE/00223,top,Convection Oven HDSECO-4A,HDS,Ovens > Convection Ovens,,Complete,,,,1,148,6,15,12,132,1,1,0,1,HDSECO-4A,published,,,hds-research.md,
IMG/OVE/00224,top,Convection Oven HDSECO-8A,HDS,Ovens > Convection Ovens,,Complete,,,,1,129,6,15,12,148,1,1,0,1,HDSECO-8A,published,,,hds-research.md,
IMG/OVE/00169,top,Deck Oven Electric Double HTD-40,HK-REDLINE,Ovens > Deck Ovens,,Complete,,,,1,137,5,10,7,147,1,1,0,1,HTD-40,published,,"H KITCHEN (43), KASSIDYxx (2)",hk-redline-research.md,
IMG/OVE/00205,top,Deck Oven Electric Single HTD-20,HK-REDLINE,Ovens > Deck Ovens,,Complete,,,,1,109,5,10,7,139,1,1,0,1,HTD-20,published,,"H KITCHEN (43), KASSIDYxx (2)",hk-redline-research.md,
IMG/OVE/00229,top,Elec. Convection Oven YXD-1AE,HK-REDLINE,Ovens > Convection Ovens,OVENS,Sources disagree,spec sheet 595x530x570 vs SAP 1005/930/560,,,1,161,5,10,7,140,1,1,1,1,YXD-1AE,published,,"H KITCHEN (43), KASSIDYxx (2)",hk-redline-research.md,Dimensions
IMG/OVE/00230,top,Elec. Convection Oven YXD-8A-3,HK-REDLINE,Ovens > Convection Ovens,OVENS,Sources disagree,spec sheet 834x765x500 vs the same SAP row as 00229,,,1,68,6,11,8,134,1,1,3,1,YXD-8A-3,published,,"H KITCHEN (43), KASSIDYxx (2)",hk-redline-research.md,Dimensions
IMG/OVE/00168,top,Luxurious Electric Deck Oven NFD-20F,HK-REDLINE,Ovens > Deck Ovens,,Complete,,,,1,123,4,10,7,94,1,1,0,1,NFD-20F,published,,"H KITCHEN (43), KASSIDYxx (2)",hk-redline-research.md,
IMG/OVE/00076,top,Oven Convection Electric 3 Trays Tecnodom FEM03NE02V,TECNODOM,Ovens > Convection Ovens,,Complete,,,,1,141,6,14,12,147,1,1,2,1,FEM03NE02V,published,,TECNODOM (8),sap-reconciliation-research.md;tecnodom-research.md,
IMG/OVE/00078,top,Oven Convection Electric 4 Trays 435X350 FEMG04NE595V,TECNODOM,Ovens > Convection Ovens,,Complete,,,,1,134,6,16,14,144,1,1,1,1,FEMG04NE595V,published,,TECNODOM (8),tecnodom-research.md,
IMG/OVE/00128,top,Oven Convection Electric 4 Trays 600X400 FEM04NEPSV,TECNODOM,Ovens > Convection Ovens,,Complete,,,,1,140,6,17,15,146,1,1,1,1,FEM04NEPSV,published,,TECNODOM (8),tecnodom-research.md,
IMG/OVE/00215,top,Oven Convection Turbo Electrical 4 Tray Maxiconv,SKYMSEN,Ovens > Convection Ovens,,Complete,,,,1,113,6,15,13,146,1,1,1,1,MAXICONV,published,,SKYMSEN (16),oem-placeholder-brands-research.md;skymsen-research.md,
IMG/OVE/00018,top,Pizza Oven Electric Double Deck - Prisma Food,PRISMA FOOD,Ovens > Pizza Ovens,,Complete,,,,1,79,6,10,7,149,1,1,6,1,BASIC 44,published,,PRISMA (6),prisma-food-research.md,
IMG/OVE/00017,top,Pizza Oven Electric Single Deck - Prisma Food,PRISMA FOOD,Ovens > Pizza Ovens,,Complete,,,,1,85,6,10,7,133,1,1,5,1,BASIC 1/50 LAMP,published,,PRISMA (6),prisma-food-research.md,
IMG/OVE/00199,top,Pizza Oven Electric Single Deck CG-P340A,DIQIAN,Ovens > Pizza Ovens,,Complete,,,,1,111,6,14,11,147,1,1,1,1,CG-P340A,published,,,diqian-research.md,
IMG/OVE/00200,top,Pizza Oven Gas Single Deck CG-P330,DIQIAN,Ovens > Pizza Ovens,,Complete,,,,1,75,6,10,7,149,1,1,1,1,CG-P330,published,,,diqian-research.md,
IMG/PAS/00011,top,Proofer Electric 14 Trays FX-14,HK-REDLINE,Ovens > Proofers,,Complete,,,,1,134,5,12,9,125,1,1,0,1,FX-14,published,,"H KITCHEN (43), KASSIDYxx (2)",hk-redline-research.md,
FAB/PSB/00061,top,Oven Stand OS85075S 201 Grade Height 670,SHEFFIELD,Ovens > Oven Accessories,OVENS,No supplier data,no source located - no description and no specification table,,,0,0,0,0,0,0,1,1,0,0,OS85075S,archived,,,,Nothing published
IMG/OVE/00130,top,Baking Trays,SHEFFIELD,Ovens > Oven Accessories,OVENS,No supplier data,no source located - no description and no specification table,,,0,0,0,0,0,0,1,1,0,0,,archived,,,,Nothing published
IMG/OVE/00234,top,"4"" Hamburger PAN-15",HK-REDLINE,Ovens > Oven Accessories,OVENS,Sources disagree,"SAP 915/690/355 reads as a carton, not a pan",,,1,16,2,3,0,80,1,1,0,1,HK-13220,published,,"H KITCHEN (43), KASSIDYxx (2)",hk-redline-research.md,Dimensions
IMG/OVE/00235,top,"4"" Non-Stick Hamburger PAN-15",HK-REDLINE,Ovens > Oven Accessories,OVENS,Complete,,thin listing,2,1,17,2,3,0,90,1,1,0,1,HK-13221,published,,"H KITCHEN (43), KASSIDYxx (2)",hk-redline-research.md,
IMG/OVE/00020,top,Conveyor Pizza Oven Electric C/50,PRISMA FOOD,Ovens > Pizza Ovens,,Complete,,,,1,97,6,12,9,124,1,1,1,1,TUNNEL C/50,published,,PRISMA (6),prisma-food-research.md,
IMG/OVE/00217,top,Conveyor Pizza Oven-Digital,H-KITCHEN,Ovens > Pizza Ovens,OVENS,Complete,,thin listing,4,1,16,3,4,1,102,1,1,1,1,HX-1SA,published,,"H KITCHEN (2), BRAVO (1)",h-kitchen-research.md,
IMG/OVE/00009,top,Deck Oven Electric Triple HTD-90,HK-REDLINE,Ovens > Deck Ovens,,Complete,,,,1,125,5,10,7,147,1,1,0,1,HTD-90,published,,"H KITCHEN (43), KASSIDYxx (2)",hk-redline-research.md,
IMG/OVE/00206,top,Deck Oven Gas Single 1 Tray HTR-10C,HK-REDLINE,Ovens > Deck Ovens,OVENS,Sources disagree,Garyton 980x610x500 vs SAP 980/600/540,,,1,132,5,7,4,148,1,1,0,1,HTR-101C,published,,"H KITCHEN (43), KASSIDYxx (2)",hk-redline-research.md,Dimensions
IMG/OVE/00088,top,Double Deck Gas Oven HTR-40Q,HK-REDLINE,Ovens > Deck Ovens,,Complete,,,,1,105,4,9,6,80,1,1,0,1,HTR-40Q,published,,"H KITCHEN (43), KASSIDYxx (2)",hk-redline-research.md,
IMG/OVE/00213,top,Gas Convection Oven FTG 480,G PANIZ,Ovens > Convection Ovens,OVENS,Complete,,thin listing,10,0,0,10,0,0,0,1,1,1,1,FTG 480,published,,,g-paniz-research.md;sap-reconciliation-research.md,
IMG/OVE/00087,top,Gas Deck Oven Single HTR-20Q,HK-REDLINE,Ovens > Deck Ovens,OVENS,Sources disagree,Garyton publishes 1350 x 850 x 600 mm; we store 980 x 540 x 600 mm. The description is also copied from the smaller HTR-101C.,,,1,17,1,4,1,80,1,1,0,1,HTR-20Q,published,H KITCHEN / H-KITCHEN `HTR-20Q (exact),"H KITCHEN (43), KASSIDYxx (2)",hk-redline-research.md,Dimensions
IMG/OVE/00079,top,Oven Convection Electric 6 Trays Tecnodom FEM06NEMIDVH2O,TECNODOM,Ovens > Convection Ovens,,Complete,,,,1,144,6,16,14,153,1,1,0,1,FEM06NEMIDVH2O,published,,TECNODOM (8),tecnodom-research.md,
IMG/OVE/00107,top,Oven Convection Electric Blodgett CTB SGL,BLODGETT,Ovens > Convection Ovens,,Complete,,,,1,115,6,20,17,142,1,1,0,1,CTB SGL,published,,,blodgett-research.md,
IMG/OVE/00219,top,Gas Stone Base Pizza Oven EMP.SPO.H-70-W,EMPERO,Ovens > Pizza Ovens,,Complete,,,,1,61,6,9,6,146,1,1,2,1,EMP.SPO.H-70-W,published,,EMPEROxx (7),empero-research.md,
IMG/OVE/00201,top,Oven Convection Gas HDS GCO,HDS,Ovens > Convection Ovens,OVENS,Sources disagree,no electrical rating - needs the Kenyan-build figure,,,1,130,5,14,11,138,1,1,0,1,HDSGCO-1,published,,,hds-research.md,Electrical rating
IMG/OVE/00214,top,Oven Convection Turbo Electrical 10 Trays Discovery 10,SKYMSEN,Ovens > Convection Ovens,,Complete,,,,1,92,6,13,11,146,1,1,11,1,DISCOVERY 10,published,,SKYMSEN (16),oem-placeholder-brands-research.md;skymsen-research.md,
IMG/OVE/00019,top,Pizza Oven Single Gas Deck - Prisma Food,PRISMA FOOD,Ovens > Pizza Ovens,,Complete,,,,1,85,6,12,9,126,1,1,1,1,GAS 4 PF PROPANO,published,,PRISMA (6),prisma-food-research.md,
IMG/OVE/00089,top,Oven Convection 10 Tray Tecnodom FEDL10NEMIDVH2O,TECNODOM,Ovens > Convection Ovens,,Complete,,,,1,126,6,19,17,155,1,1,0,1,FEDL10NEMIDVH2O,published,,TECNODOM (8),sap-reconciliation-research.md;tecnodom-research.md,
IMG/PAS/00012,top,Dough Mixer Spiral,PRISMA FOOD,Bakery Preparation > Spiral Mixers,,Complete,,,,1,157,6,11,9,156,1,1,5,0,,published,,PRISMA (6),prisma-food-research.md;variant-children-gap-research.md,
IMG/PAS/00012,variant,Dough Mixer Spiral [20-litres],PRISMA FOOD,Bakery Preparation > Spiral Mixers,,Complete,,,,0,0,0,0,0,0,0,1,,1,IBT20,published,,PRISMA (6),prisma-food-research.md;variant-children-gap-research.md,
IMG/PAS/00013,variant,Dough Mixer Spiral [30-litres],PRISMA FOOD,Bakery Preparation > Spiral Mixers,,Complete,,,,0,0,0,0,0,0,0,1,,1,IBT30,published,,PRISMA (6),prisma-food-research.md;variant-children-gap-research.md,
IMG/PAS/00014,variant,Dough Mixer Spiral [40-litres],PRISMA FOOD,Bakery Preparation > Spiral Mixers,,Complete,,,,0,0,0,0,0,0,0,1,,1,IBT40,published,,PRISMA (6),prisma-food-research.md;variant-children-gap-research.md,
IMG/PAS/00015,variant,Dough Mixer Spiral [50-litres],PRISMA FOOD,Bakery Preparation > Spiral Mixers,,Complete,,,,0,0,0,0,0,0,0,1,,1,IBT50,published,,PRISMA (6),prisma-food-research.md;variant-children-gap-research.md,
IMG/PAS/00016,variant,Dough Mixer Spiral [60-litres],PRISMA FOOD,Bakery Preparation > Spiral Mixers,,Complete,,,,0,0,0,0,0,0,0,1,,1,IBT 60,published,,PRISMA (6),prisma-food-research.md;variant-children-gap-research.md,
IMG/PAS/00003,top,Dough Mixer Spiral 50 Litres Empero,EMPERO,Bakery Preparation > Spiral Mixers,,Complete,,,,1,79,5,11,8,156,1,1,0,1,HY 05,published,,EMPEROxx (7),empero-research.md,
IMG/PAS/00007,top,Dough Mixer Spiral 60 Litres Empero,EMPERO,Bakery Preparation > Spiral Mixers,,Complete,,,,1,88,5,11,8,114,1,1,1,1,SH 03,published,,EMPEROxx (7),empero-research.md,
IMG/PAS/00155,top,Spiral Mixer 80 LITRES/25KG BM-25,HK-REDLINE,Bakery Preparation > Spiral Mixers,,Complete,,,,1,151,5,12,9,134,1,1,0,1,BM-25,published,,"H KITCHEN (43), KASSIDYxx (2)",hk-redline-research.md,
IMG/PAS/00157,top,Spiral Mixer 130 LITRES/50KG BM-50,HK-REDLINE,Bakery Preparation > Spiral Mixers,,Complete,,,,1,154,5,8,5,123,1,1,0,1,BM-50,published,,"H KITCHEN (43), KASSIDYxx (2)",hk-redline-research.md,
IMG/PAS/00156,top,Spiral Mixer 200 LITRES/75KG BM-75,HK-REDLINE,Bakery Preparation > Spiral Mixers,,Complete,,,,1,145,5,8,5,124,1,1,0,1,BM-75,published,,"H KITCHEN (43), KASSIDYxx (2)",hk-redline-research.md,
IMG/PAS/00169,top,Spiral Mixer 250 LITRES/100KG BM-100,HK-REDLINE,Bakery Preparation > Spiral Mixers,,Complete,,,,1,115,6,12,9,105,1,1,0,1,BM-100,published,,"H KITCHEN (43), KASSIDYxx (2)",hk-redline-research.md,
IMG/PAS/00102,top,Cake Mixer Planetary 7 Litres H-Kitchen,HK-REDLINE,Bakery Preparation > Planetary Mixers,,Complete,,,,1,112,6,3,0,87,1,1,0,1,HK-B7,published,,"H KITCHEN (43), KASSIDYxx (2)",hk-redline-research.md,
IMG/PAS/00103,top,Cake Mixer Planetary 10 Litres B10GFA,HK-REDLINE,Bakery Preparation > Planetary Mixers,,Complete,,,,1,147,5,12,9,139,1,1,0,1,B10GFA,published,,"H KITCHEN (43), KASSIDYxx (2)",hk-redline-research.md,
IMG/PAS/00001,top,Cake Mixer Planetary 20 Litres Berjaya,BERJAYA,Bakery Preparation > Planetary Mixers,,Complete,,,,1,130,6,15,12,141,1,1,0,1,BJY-BM20,published,,BERJAYA (5),berjaya-research.md,
IMG/PAS/00101,top,Cake Mixer Planetary 20 Litres H-Kitchen,HK-REDLINE,Bakery Preparation > Planetary Mixers,,Complete,,,,1,164,5,10,7,138,1,1,0,1,B20GA,published,,"H KITCHEN (43), KASSIDYxx (2)",hk-redline-research.md,
IMG/PAS/00145,top,Cake Mixer Planetary 30 Litres H-Kitchen,HK-REDLINE,Bakery Preparation > Planetary Mixers,BAKERY PREPARATION,Sources disagree,Our listing says B30GA; both SAP and the Kator catalogue call the 30 litre machine B30GA2. Confirm which code is correct.,,,1,35,1,4,1,88,1,1,0,1,B30GA2,published,,"H KITCHEN (43), KASSIDYxx (2)",hk-redline-research.md;sap-reconciliation-research.md,Model code / identity
IMG/PAS/00160,top,TABLE TOP DOUGH SHEETER ROLLER SIZE 522xDIA 88,HK-REDLINE,Bakery Preparation > Dough Sheeters & Moulders,,Complete,,,,1,143,5,6,3,130,1,1,1,1,JDR450B,published,,"H KITCHEN (43), KASSIDYxx (2)",hk-redline-research.md,
IMG/PAS/00164,top,Dough Divider,HK-REDLINE,Bakery Preparation > Dough Sheeters & Moulders,,Complete,,,,1,93,5,8,5,110,1,1,0,1,KT-20,published,,"H KITCHEN (43), KASSIDYxx (2)",hk-redline-research.md,
IMG/PAS/00002,top,Bread Slicer Empero,EMPERO,Bakery Preparation > Bread Slicers,,Complete,,,,1,81,5,11,8,154,1,1,0,1,EMP.3004,published,,EMPEROxx (7),empero-research.md,
IMG/PAS/00166,top,Bread Moulder,HK-REDLINE,Bakery Preparation > Dough Sheeters & Moulders,BAKERY PREPARATION,Sources disagree,the capacity field holds the net weight (237 kg),,,1,58,6,7,4,99,1,1,0,1,NFQ-380,published,,"H KITCHEN (43), KASSIDYxx (2)",hk-redline-research.md,Capacity / material
IMG/PAS/00159,top,Semi Automatic Dividing and Rounding Machine,H-KITCHEN,Bakery Preparation > Dough Sheeters & Moulders,BAKERY PREPARATION,Sources disagree,height 2100 mm (ours) vs 1460 mm (supplier site),,,1,153,5,9,6,152,1,1,0,1,NFK-30I,published,,"H KITCHEN (2), BRAVO (1)",h-kitchen-research.md,Dimensions
IMG/BUF/00219,top,Chaffing Dish 9L Oblong Roll Top Chafer,OEM SHEFFIELD,Buffet & Servery > Chafing Dishes,BUFFET & SERVERY,Sources disagree,Heavybao 635x425x440 vs our 645/455/290,,,1,21,3,4,1,117,1,1,0,1,431001,published,,"GUANGZHOU (8), HY (2), KASSIDYxx (2), ELABORATEXxx (2)",kitchenware-research.md;oem-sheffield-research.md,Dimensions
IMG/BUF/00220,top,Chaffing Dish 9L Oblong Roll Top Chafer with Visible Window,OEM SHEFFIELD,Buffet & Servery > Chafing Dishes,BUFFET & SERVERY,Sources disagree,"dimensions copied from 00219, never verified for this code",,,1,24,3,4,1,137,1,1,0,1,432102,published,,"GUANGZHOU (8), HY (2), KASSIDYxx (2), ELABORATEXxx (2)",kitchenware-research.md;oem-sheffield-research.md,Dimensions
IMG/BUF/00241,top,Digital SS Rectangular Chaffing Dish 9 Ltrs,STEELOLOGY,Buffet & Servery > Chafing Dishes,,Complete,,,,1,81,6,9,6,148,1,1,0,1,RH002,published,,H KITCHEN (1),sap-reconciliation-research.md;steelology-research.md,
IMG/BUF/00019,top,Chafing Dish Drop in Oblong H Kitchen,HK-REDLINE,Buffet & Servery > Chafing Dishes,BUFFET & SERVERY,Sources disagree,C2. IMG/FPR/00110 is still displaying a Waring spice grinder,,,1,134,5,6,3,150,1,1,0,1,YFR01-2,published,H KITCHEN / H Kitchen `YFR01-2 (exact),"H KITCHEN (43), KASSIDYxx (2)",hk-redline-research.md,Wrong photograph
IMG/BUF/00020,top,Chafing Dish Drop in Oblong H Kitchen DAT 60,HK-REDLINE,Buffet & Servery > Chafing Dishes,,Complete,,,,1,121,5,7,4,148,1,1,0,1,DAT 60063-2,published,,"H KITCHEN (43), KASSIDYxx (2)",hk-redline-research.md,
IMG/BUF/00021,top,Chafing Dish Oblong H Kitchen YFL02-1,HK-REDLINE,Buffet & Servery > Chafing Dishes,,Complete,,,,1,124,5,6,3,149,1,1,0,1,YFL02-1,published,,"H KITCHEN (43), KASSIDYxx (2)",hk-redline-research.md,
IMG/BUF/00027,top,Chafing Dish Induction Round AT50293 H Kitchen,HK-REDLINE,Buffet & Servery > Chafing Dishes,BUFFET & SERVERY,Sources disagree,"chafer depth 580 (supplier) vs 480 (SAP), unexplained",,,1,17,1,3,0,88,1,1,0,1,AT50293,published,H KITCHEN / H-Kitchen `AT50293 (exact),"H KITCHEN (43), KASSIDYxx (2)",hk-redline-research.md,Dimensions
IMG/BUF/00028,top,Chafing Dish Induction Square H-Kitchen,HK-REDLINE,Buffet & Servery > Chafing Dishes,BUFFET & SERVERY,Sources disagree,"duplicate of IMG/BUF/00143, and the axes are swapped",,,1,17,1,3,0,89,1,1,0,1,AT60293,archived,H KITCHEN / H-Kitchen `AT60293 (exact),"H KITCHEN (43), KASSIDYxx (2)",hk-redline-research.md,Dimensions
IMG/BUF/00035,top,Chafing Dish Rectangular,OEM SHEFFIELD,Buffet & Servery > Chafing Dishes,,Complete,,,,1,21,4,5,2,113,1,1,0,1,HY-834,published,,"GUANGZHOU (8), HY (2), KASSIDYxx (2), ELABORATEXxx (2)",oem-placeholder-brands-research.md;oem-sheffield-research.md,
IMG/BUF/00037,top,Chafing Dish Drop in,OEM SHEFFIELD,Buffet & Servery > Chafing Dishes,BUFFET & SERVERY,Sources disagree,"photo is a free-standing roll-top, record describes a drop-in",,,1,18,2,4,1,98,1,1,1,1,HY-902,published,HY / HY `HY 902 (exact),"GUANGZHOU (8), HY (2), KASSIDYxx (2), ELABORATEXxx (2)",oem-placeholder-brands-research.md;oem-sheffield-research.md,Wrong photograph
IMG/BUF/00056,top,Chafing Dish Oblong HY 501-2,OEM SHEFFIELD,Buffet & Servery > Chafing Dishes,,Complete,,,,1,18,3,3,0,83,1,1,3,0,HY 501-2,draft,,"GUANGZHOU (8), HY (2), KASSIDYxx (2), ELABORATEXxx (2)",oem-placeholder-brands-research.md;oem-sheffield-research.md,
IMG/BUF/00060,top,Chafing Dish Insert Round Porcelain Pan/Insert,OEM SHEFFIELD,Buffet & Servery > Chafing Dishes,BUFFET & SERVERY,Complete,,thin listing,1,1,20,1,3,0,105,1,1,0,0,D10,published,,"GUANGZHOU (8), HY (2), KASSIDYxx (2), ELABORATEXxx (2)",oem-sheffield-research.md,
IMG/BUF/00095,top,Chafing Dish Roll Top 9 Litres RA2302,KITCHENWARE,Buffet & Servery > Chafing Dishes,,Complete,,,,1,24,2,5,2,116,1,1,0,1,RA2302,published,,WANHUI (4),kitchenware-research.md,
IMG/BUF/00115,top,Chafing Dish Insert Porcelain 2/3 GN,HK-REDLINE,Buffet & Servery > Chafing Dishes,,Complete,,,,1,94,4,7,4,101,1,1,0,1,T23065,published,,"H KITCHEN (43), KASSIDYxx (2)",hk-redline-research.md,
IMG/BUF/00143,top,Chafing Dish Induction Square AT60293 H-Kitchen,HK-REDLINE,Buffet & Servery > Chafing Dishes,BUFFET & SERVERY,Sources disagree,"duplicate of IMG/BUF/00028, and the axes are swapped",,,1,17,1,3,0,89,1,1,0,1,AT60293,published,H KITCHEN / H-Kitchen `AT60293 (exact),"H KITCHEN (43), KASSIDYxx (2)",hk-redline-research.md,Dimensions
IMG/BUF/00145,top,Chafing Dish Drop in HY-902,HY,Buffet & Servery > Chafing Dishes,BUFFET & SERVERY,No supplier data,no source located - no description and no specification table,,,0,0,0,0,0,0,1,1,0,0,HY-902,archived,HY / HY `HY 902 (exact),HY (2),oem-placeholder-brands-research.md,Nothing published
IMG/BUF/00146,top,Chafing Dish Oval HY-836,HY,Buffet & Servery > Chafing Dishes,BUFFET & SERVERY,No supplier data,no source located - no description and no specification table,,,0,0,0,0,0,0,1,1,0,0,HY-836,archived,HY / HY `HY 836 (exact),HY (2),oem-placeholder-brands-research.md;sap-reconciliation-research.md,Nothing published
IMG/BUF/00177,top,Chafing Dish Roll Top 9 Litres RA2301,KITCHENWARE,Buffet & Servery > Chafing Dishes,BUFFET & SERVERY,Sources disagree,"stored figures are the carton, not the product",,,1,24,2,5,2,116,1,1,1,1,RA2301,published,,WANHUI (4),kitchenware-research.md,Dimensions
IMG/BUF/00178,top,Chafing Dish Roll Top 9 Litres Electric RA2301AE,KITCHENWARE,Buffet & Servery > Chafing Dishes,,Complete,,,,1,25,3,5,2,127,1,1,1,1,RA2301AE,published,,WANHUI (4),kitchenware-research.md,
IMG/BUF/00179,top,Chafing Dish Roll Top Electric ECD09C,KITCHENWARE,Buffet & Servery > Chafing Dishes,BUFFET & SERVERY,Complete,,thin listing,2,1,18,1,4,1,106,1,1,0,1,ECD09C,published,,WANHUI (4),kitchenware-research.md,
IMG/BUF/00252,top,Electric Chafing Dish Golden Frame,WINNERS,Buffet & Servery > Chafing Dishes,,Complete,,,,1,85,6,10,7,155,1,1,0,1,EG2016X,published,,,winners-research.md,
IMG/BUF/00253,top,Electric Chafing Dish Golden Frame Square 9L,WINNERS,Buffet & Servery > Chafing Dishes,,Complete,,,,1,81,6,10,7,154,1,1,0,0,EG2017X,published,,,winners-research.md,
IMG/BUF/00254,top,Electric Chafing Dish Hammer Point,WINNERS,Buffet & Servery > Chafing Dishes,,Complete,,,,1,93,6,10,7,155,1,1,1,0,EC2016,published,,,winners-research.md,
IMG/BUF/00255,top,Electric Chafing Dish Hammered SS Finish 6 Litres Round,WINNERS,Buffet & Servery > Chafing Dishes,,Complete,,,,1,68,6,9,6,155,1,1,0,1,EC2018,published,,,winners-research.md,
IMG/BUF/00256,top,Chafing Dish with Fuel Holder 6016H,WINNERS,Buffet & Servery > Chafing Dishes,,Complete,,,,1,81,6,9,6,149,1,1,0,0,6016H,published,,,winners-research.md,
IMG/BUF/00257,top,Chafing Dish with Fuel Holder 6018H,WINNERS,Buffet & Servery > Chafing Dishes,,Complete,,,,1,69,6,7,4,152,1,1,1,0,6018H,published,,,winners-research.md,
IMG/BUF/00258,top,Wet and Dry Intelligent Built-In Elec Chafing Dish,WINNERS,Buffet & Servery > Chafing Dishes,,Complete,,,,1,96,5,7,4,150,1,1,0,0,QR016,published,,,winners-research.md,
IMG/BUF/00267,top,45-BUILT-IN Warmer Stove 1200MM,WINNERS,Buffet & Servery > Warmer Stoves & Hot Pots,,Complete,,,,1,79,6,7,4,151,1,1,1,0,EMBEDDED-1200,published,,,winners-research.md,
IMG/BUF/00268,top,45-BUILT-IN Warmer Stove 1500MM,WINNERS,Buffet & Servery > Warmer Stoves & Hot Pots,,Complete,,,,1,79,6,7,4,146,1,1,1,0,EMBEDDED-1500,published,,,winners-research.md,
IMG/BUF/00266,top,45-BUILT-IN Warmer Stove 900MM,WINNERS,Buffet & Servery > Warmer Stoves & Hot Pots,,Complete,,,,1,79,6,8,5,152,1,1,1,0,EMBEDDED-900,published,,,winners-research.md,
IMG/BUF/00249,top,Buffet Warmer Electric TC-2F,H-KITCHEN,Buffet & Servery > Food Warmers,,Complete,,,,1,16,2,5,2,92,1,1,1,1,TC-2F,published,,"H KITCHEN (2), BRAVO (1)",h-kitchen-research.md,
IMG/BUF/00073,top,Cup Warmer Bravilor Shelf,NISBET,Buffet & Servery > Plate & Cup Warmers,,Complete,,,,1,112,4,6,3,142,1,1,4,0,WHK003,published,,,six-single-sku-brands-research.md,
IMG/BUF/00022,top,Cup Warmer H Kitchen,HK-REDLINE,Buffet & Servery > Plate & Cup Warmers,BUFFET & SERVERY,No supplier data,No reseller carries the Kator 2009/ED code and no specification is published for it.,,,1,15,2,3,0,70,1,1,0,1,2009/ED,published,H KITCHEN / H-KITCHEN `2009/ED (exact),"H KITCHEN (43), KASSIDYxx (2)",hk-redline-research.md,Model code / identity
IMG/BUF/00235,top,Dish Warmer Glass Top - Sunk in Model (Commercial Induction Cooker),STEELOLOGY,Buffet & Servery > Food Warmers,,Complete,,,,1,93,5,8,6,138,1,1,0,1,SUNK IN,published,,H KITCHEN (1),steelology-research.md,
IMG/HOT/00195,top,Electric Food Warmer Cart OT-10B-21 Redline,HK-REDLINE,Buffet & Servery > Food Warmers,BUFFET & SERVERY,Complete,,thin listing,2,1,70,2,5,2,105,1,1,0,1,OT-10B-21,published,,"H KITCHEN (43), KASSIDYxx (2)",hk-redline-research.md,
IMG/DIS/00045,top,Food Display Warmer H Kitchen OT-01P,HK-REDLINE,Buffet & Servery > Food Warmers,BUFFET & SERVERY,Complete,,thin listing,2,1,16,2,3,0,78,1,1,0,1,OT-01P,published,,"H KITCHEN (43), KASSIDYxx (2)",hk-redline-research.md,
IMG/HOT/00005,top,Food Warmer Electric Bertos,BERTOS,Buffet & Servery > Food Warmers,BUFFET & SERVERY,"Data on file, not yet listed",Bertos 700-series datasheets are on file; the listing text has not been written from them yet.,,,0,0,0,0,0,0,1,1,0,1,E7SP-4B,archived,BERTOSxxx / Bertos `E7SP-4B (exact),BERTOSxxx (1),six-single-sku-brands-research.md,Model code / identity
IMG/HOT/00222,top,Food Warmer Electric Redline CS-310,HK-REDLINE,Buffet & Servery > Food Warmers,BUFFET & SERVERY,Complete,,thin listing,1,1,75,1,4,1,87,1,1,0,1,CS-310,published,,"H KITCHEN (43), KASSIDYxx (2)",hk-redline-research.md,
IMG/BUF/00260,top,Hot Pot with Warmer Stove 36CM Rose Gold 6L,WINNERS,Buffet & Servery > Warmer Stoves & Hot Pots,,Complete,,,,1,101,6,8,6,152,1,1,5,0,3602,published,,,winners-research.md,
IMG/BUF/00261,top,Hot Pot with Warmer Stove 36CM Stainless Steel 6L,WINNERS,Buffet & Servery > Warmer Stoves & Hot Pots,BUFFET & SERVERY,Our records only,"searched, nothing published by any manufacturer - written from our own records",,,1,101,6,8,6,153,1,1,0,0,3602,published,,,winners-research.md,Nothing published
IMG/BUF/00032,top,Plate Warmer Cart Double,HK-REDLINE,Buffet & Servery > Plate & Cup Warmers,BUFFET & SERVERY,Sources disagree,Rebenet DR-2CKS 450x967x865 vs our 450/910/770,,,1,141,5,8,5,132,1,1,0,1,DR-2,published,H KITCHEN / H-Kitchen `DR-2 (exact),"H KITCHEN (43), KASSIDYxx (2)",hk-redline-research.md,Dimensions
IMG/BUF/00033,top,Plate Warmer Cart Drop in,HK-REDLINE,Buffet & Servery > Plate & Cup Warmers,,Complete,,,,1,141,5,6,3,135,1,1,0,1,DR-3,published,,"H KITCHEN (43), KASSIDYxx (2)",hk-redline-research.md,
IMG/BUF/00031,top,Plate Warmer Cart Single,HK-REDLINE,Buffet & Servery > Plate & Cup Warmers,BUFFET & SERVERY,Sources disagree,Rebenet CKS build 450x543x865 vs our 450/485/770,,,1,153,5,8,5,143,1,1,7,1,DR-1,published,H KITCHEN / H-Kitchen `DR-1 (exact),"H KITCHEN (43), KASSIDYxx (2)",hk-redline-research.md,Dimensions
IMG/BUF/00274,top,Vegetable Warmer Rectangle DL206,WINNERS,Buffet & Servery > Food Warmers,,Complete,,,,1,80,5,9,6,144,1,1,0,0,DL206,published,,,winners-research.md,
IMG/BUF/00259,top,Warmer Lamp D7016T,WINNERS,Buffet & Servery > Heat Lamps,BUFFET & SERVERY,Complete,,thin listing,4,0,61,4,0,0,153,1,1,0,0,D7016T,published,,,winners-research.md,
IMG/BUF/00272,top,Warmer Lamp Rectangle ZT001,WINNERS,Buffet & Servery > Heat Lamps,,Complete,,,,1,56,4,6,3,135,1,1,0,0,ZT001,published,,,winners-research.md,
IMG/BUF/00023,top,Heating Lamp Black Dia 175,HK-REDLINE,Buffet & Servery > Heat Lamps,,Complete,,,,1,147,5,6,2,131,1,1,0,1,A032,published,,"H KITCHEN (43), KASSIDYxx (2)",hk-redline-research.md;winners-research.md,
IMG/BUF/00024,top,Heating Lamp Gold Dia 175,HK-REDLINE,Buffet & Servery > Heat Lamps,,Complete,,,,1,147,5,6,2,130,1,1,0,1,A032,published,,"H KITCHEN (43), KASSIDYxx (2)",hk-redline-research.md,
IMG/BUF/00025,top,Heating Lamp Gold Dia 290,HK-REDLINE,Buffet & Servery > Heat Lamps,,Complete,,,,1,146,5,7,3,130,1,1,0,1,A035,published,,"H KITCHEN (43), KASSIDYxx (2)",hk-redline-research.md,
IMG/BUF/00026,top,Heating Lamp Silver Dia 290,HK-REDLINE,Buffet & Servery > Heat Lamps,,Complete,,,,1,146,5,7,3,132,1,1,0,1,A035,published,,"H KITCHEN (43), KASSIDYxx (2)",hk-redline-research.md,
IMG/BUF/00236,top,Heating Lamp Infrared 900MM,KITCHENWARE,Buffet & Servery > Heat Lamps,BUFFET & SERVERY,No supplier data,"XD-HHB900 returns nothing on the open web, on Made-in-China product search, or in the Wanhui catalogue.",,,1,17,1,4,1,90,1,1,0,0,XD-HHB900,published,,WANHUI (4),kitchenware-research.md,Nothing published
IMG/BUF/00244,top,Heating Lamp Copper,HK-REDLINE,Buffet & Servery > Heat Lamps,BUFFET & SERVERY,Sources disagree,Stored dimensions 640 x 480 x 750 mm are byte-identical to a juice dispenser record and are impossible for a pendant lamp.,,,1,16,1,4,1,76,1,1,0,1,A032,published,H KITCHEN / H-Kitchen `A032B (near),"H KITCHEN (43), KASSIDYxx (2)",hk-redline-research.md,Dimensions
IMG/BUF/00269,top,Rose Gold Heat Lamp D002,WINNERS,Buffet & Servery > Heat Lamps,,Complete,,,,1,81,5,8,5,151,1,1,0,0,D002,published,,,winners-research.md,
IMG/BUF/00270,top,Rose Gold Heat Lamp D005,WINNERS,Buffet & Servery > Heat Lamps,,Complete,,,,1,81,5,8,5,152,1,1,1,0,D005,published,,,winners-research.md,
IMG/BUF/00271,top,Rose Gold Heat Lamp D011,WINNERS,Buffet & Servery > Heat Lamps,,Complete,,,,1,82,5,8,5,155,1,1,1,0,D011,published,,,winners-research.md,
IMG/HOT/00063,top,Bain Marie Table Top H-Kitchen BS-6V,HK-REDLINE,Buffet & Servery > Bain Maries,,Complete,,,,1,59,4,9,6,121,1,1,0,1,BS-6V,published,,"H KITCHEN (43), KASSIDYxx (2)",hk-redline-research.md,
IMG/HOT/00112,top,Bain Marie Sauce Bin 240X210,BILGE,Buffet & Servery > Bain Maries,,Complete,,,,1,60,4,4,2,149,1,1,0,0,240*120,archived,,BILGE (6),bilge-research.md,
IMG/HOT/00272,top,Bain Marie Counter Top Gas SOT-4,H-KITCHEN,Buffet & Servery > Bain Maries,BUFFET & SERVERY,Sources disagree,"heat input 27,700 BTU/hr (ours) vs 6 kW (maker)",,,1,18,1,4,1,83,1,1,0,0,SOT-4,archived,H KITCHEN / H-KITCHEN `SOT-4 (exact),"H KITCHEN (2), BRAVO (1)",h-kitchen-research.md,Electrical rating
IMG/HOT/00275,top,Bain Marie Table Top H-Kitchen BS-4,HK-REDLINE,Buffet & Servery > Bain Maries,BUFFET & SERVERY,Sources disagree,"depth should be 590 not 600, height 230 missing",,,1,71,2,3,0,83,1,1,0,0,BS-4V,published,KASSIDYxx / Kassidy `BS-4V (exact),"H KITCHEN (43), KASSIDYxx (2)",hk-redline-research.md,Dimensions
IMG/HOT/00276,top,Bain Marie H-Kitchen KG-165,HK-REDLINE,Buffet & Servery > Bain Maries,BUFFET & SERVERY,Complete,,thin listing,1,1,16,1,4,1,77,1,1,0,1,KG-165F,published,,"H KITCHEN (43), KASSIDYxx (2)",hk-redline-research.md,
IMG/BUF/00012,top,Induction Cooker Drop in Riga Rib 3520 EB,EUROTEC RIGA,Cooking Equipment > Induction Cookers,,Complete,,,,1,106,6,15,12,139,1,1,1,1,RIB 3520 EB,published,,RIGA (1),eurotec-riga-research.md,
IMG/BUF/00030,top,Induction Cooker H Kitchen EB-1200,HK-REDLINE,Cooking Equipment > Induction Cookers,COOKING EQUIPMENT,Sources disagree,"no wattage or voltage on record, height reads 9 mm",,,1,15,1,6,3,76,1,1,0,1,EB-1200,published,H KITCHEN / H-Kitchen `EB1200 (exact),"H KITCHEN (43), KASSIDYxx (2)",hk-redline-research.md,Electrical rating
IMG/BUF/00051,top,Induction Cooker Kassidy,OEM SHEFFIELD,Cooking Equipment > Induction Cookers,COOKING EQUIPMENT,No supplier data,The Kassidy code is not published on any reachable supplier or reseller site.,,,1,17,2,3,0,84,1,1,0,0,TC-1,published,KASSIDYxx / TC1 (exact),"GUANGZHOU (8), HY (2), KASSIDYxx (2), ELABORATEXxx (2)",oem-sheffield-research.md,Model code / identity
IMG/BUF/00090,top,Induction Cooker Wanhui,KITCHENWARE,Cooking Equipment > Induction Cookers,COOKING EQUIPMENT,No supplier data,"SAP names Wanhui as the supplier, but the code itself is not published anywhere reachable.",,,1,15,1,4,1,96,1,1,0,1,A6-650N-32,published,WANHUI / WANHUI `A6-650N-320 (near),WANHUI (4),house-brand-suppliers-research.md;kitchenware-research.md,Model code / identity
IMG/BUF/00127,top,Induction Hob DK977,LINCAT,Cooking Equipment > Induction Cookers,,Complete,,,,1,127,6,14,11,152,1,1,2,1,DK977,published,,CANCELLED IMPORTED ITEMS (1),six-single-sku-brands-research.md,
IMG/BUF/00226,top,Induction Cooker Single Zone 3.5KW Table Top SL-G35-TP3,SULTE,Cooking Equipment > Induction Cookers,,Complete,,,,1,88,6,10,7,151,1,1,1,1,SL-G35-TP3,published,,,sulte-research.md,
IMG/BUF/00227,top,Induction Cooker Drop in 3KW SL-30C-XP3,SULTE,Cooking Equipment > Induction Cookers,COOKING EQUIPMENT,Sources disagree,"SAP says 3 kW, the manufacturer page says 3500 W",,,1,96,6,11,8,144,1,1,2,1,SL-30C -XP3,published,,,sulte-research.md,Electrical rating
IMG/BUF/00228,top,Induction Cooker Single Zone 5KW Table Top SL-G50-KP9,SULTE,Cooking Equipment > Induction Cookers,,Complete,,,,1,97,6,10,7,147,1,1,0,1,SL-G50-KP9,published,,,sulte-research.md,
IMG/BUF/00229,top,Induction Wok 5KW Table Top Single SL-G50-KA12,SULTE,Cooking Equipment > Induction Cookers,COOKING EQUIPMENT,Sources disagree,"supplier 530x400x260 vs our 525/440/265, 40 mm on width",,,1,102,6,8,5,146,1,1,1,1,SL-G50-KA12,published,,,sulte-research.md,Dimensions
IMG/BUF/00230,top,Induction Cooker Two Zone Table Top 7KW,SULTE,Cooking Equipment > Induction Cookers,COOKING EQUIPMENT,Sources disagree,"supplier code is SL-C351-2E3-Y, ours is KPP3-Y",,,1,97,6,9,6,137,1,1,0,1,SL-C351-KPP3-Y,published,,,sulte-research.md,Model code / identity
IMG/BUF/00231,top,Induction Cooker Two Zone (Side by Side) 7KW SL-C351-KPP2,SULTE,Cooking Equipment > Induction Cookers,,Complete,,,,1,107,6,10,7,139,1,1,0,1,SL-C351-KPP2,published,,,sulte-research.md,
IMG/BUF/00232,top,Induction Cooker 4 Zone 14KW SL-C351-4S13-Y,SULTE,Cooking Equipment > Induction Cookers,,Complete,,,,1,145,6,11,8,142,1,1,0,1,SL-C351-4S13-Y,published,,,sulte-research.md,
IMG/BUF/00233,top,Induction Fryer 23L SL-FR1C23A,SULTE,Cooking Equipment > Induction Cookers,COOKING EQUIPMENT,Sources disagree,the only source contradicts the capacity in the product name,,,1,108,6,13,10,143,1,1,0,1,SL-FR1C23A,published,,,sulte-research.md,Capacity / material
IMG/BUF/00234,top,Induction Griddle 6KW GRT24B,SULTE,Cooking Equipment > Induction Cookers,,Complete,,,,1,93,6,12,9,145,1,1,0,1,GRT24B,published,,,sulte-research.md,
IMG/BUF/00282,top,Induction Griddle 6KW GRT36B,SULTE,Cooking Equipment > Induction Cookers,,Complete,,,,1,121,4,7,4,144,1,1,0,1,GRT36B,archived,,,sap-reconciliation-research.md;sulte-research.md,
IMG/BUF/00277,top,Double Bulb Induction with 2 Copper Coated Hammer Finish Chaffing Dishes,STEELOLOGY,Buffet & Servery > Chafing Dishes,,Complete,,,,1,104,6,5,3,150,1,1,0,0,,published,,H KITCHEN (1),steelology-research.md,
IMG/HOT/00395,top,Induction Plate PFD/3500N Single PH,FIMAR GROUP,Cooking Equipment > Induction Cookers,,Complete,,,,1,128,6,13,10,136,1,1,1,1,PRD35N235M,published,,,six-single-sku-brands-research.md,
IMG/TCW/00086,top,GN Container 1/3 65 Berjaya,BERJAYA,Kitchen Smalls > GN Containers & Lids,,Complete,,,,1,71,6,8,6,127,1,1,0,1,FP 1/3-2.5,published,,BERJAYA (5),berjaya-research.md;sap-reconciliation-research.md,
IMG/TCW/00087,top,GN Container 1/4 65 Berjaya,BERJAYA,Kitchen Smalls > GN Containers & Lids,,Complete,,,,1,72,6,8,6,127,1,1,0,1,FP 1/4-2.5,published,,BERJAYA (5),berjaya-research.md;sap-reconciliation-research.md,
IMG/TCW/00089,top,GN Container 1/1 100 Berjaya,BERJAYA,Kitchen Smalls > GN Containers & Lids,,Complete,,,,1,78,6,8,6,126,1,1,1,1,FP 1/1-4,published,,BERJAYA (5),berjaya-research.md,
IMG/TCW/00090,top,GN Container 1/2 100 Berjaya,BERJAYA,Kitchen Smalls > GN Containers & Lids,,Complete,,,,1,75,6,8,6,134,1,1,0,1,FP 1/2-4,published,,BERJAYA (5),berjaya-research.md;sap-reconciliation-research.md,
IMG/TCW/00091,top,GN Container 1/3 100 Berjaya,BERJAYA,Kitchen Smalls > GN Containers & Lids,,Complete,,,,1,80,6,8,6,124,1,1,0,1,FP 1/3-4,published,,BERJAYA (5),berjaya-research.md,
IMG/TCW/00103,top,GN Container Perforated 1/1 65 Bilge,BILGE,Kitchen Smalls > GN Containers & Lids,,Complete,,,,1,123,6,9,8,135,1,1,0,1,1/1*65 -P,published,,BILGE (6),bilge-research.md,
IMG/TCW/00104,top,GN Container Perforated 1/1 100 Bilge,BILGE,Kitchen Smalls > GN Containers & Lids,,Complete,,,,1,123,6,9,8,136,1,1,1,1,1/1*100 - P,published,,BILGE (6),bilge-research.md,
IMG/TCW/00105,top,GN Container Perforated 1/2 100 Bilge,BILGE,Kitchen Smalls > GN Containers & Lids,,Complete,,,,1,123,6,9,8,136,1,1,1,1,1/2*100 -P,published,,BILGE (6),bilge-research.md,
IMG/TCW/00106,top,GN Container 1/1 65 Bilge,BILGE,Kitchen Smalls > GN Containers & Lids,,Complete,,,,1,82,6,9,8,133,1,1,0,1,1/1*65,published,,BILGE (6),bilge-research.md,
IMG/TCW/00107,top,GN Container 1/2 65 Bilge,BILGE,Kitchen Smalls > GN Containers & Lids,,Complete,,,,1,82,6,9,8,133,1,1,0,1,1/2*65,published,,BILGE (6),bilge-research.md,
IMG/TCW/00108,top,GN Container 1/3 65 Bilge,BILGE,Kitchen Smalls > GN Containers & Lids,,Complete,,,,1,82,6,9,8,133,1,1,0,1,1/3*65,published,,BILGE (6),bilge-research.md,
IMG/TCW/00110,top,GN Container 1/6 65 Bilge,BILGE,Kitchen Smalls > GN Containers & Lids,,Complete,,,,1,82,6,9,8,133,1,1,0,1,1/6*65,published,,BILGE (6),bilge-research.md,
IMG/TCW/00111,top,GN Container 1/9 65 Bilge,BILGE,Kitchen Smalls > GN Containers & Lids,,Complete,,,,1,82,6,9,8,133,1,1,0,1,1/9*65,published,,BILGE (6),bilge-research.md,
IMG/TCW/00112,top,GN Container 1/1 100 Bilge,BILGE,Kitchen Smalls > GN Containers & Lids,,Complete,,,,1,82,6,9,8,135,1,1,0,1,1/1*100,published,,BILGE (6),bilge-research.md,
IMG/TCW/00113,top,GN Container 1/2 100 Bilge,BILGE,Kitchen Smalls > GN Containers & Lids,,Complete,,,,1,82,6,9,8,134,1,1,0,1,1/2*100,published,,BILGE (6),bilge-research.md,
IMG/TCW/00114,top,GN Container 1/3 100 Bilge,BILGE,Kitchen Smalls > GN Containers & Lids,,Complete,,,,1,82,6,9,8,134,1,1,0,1,1/3*100,published,,BILGE (6),bilge-research.md,
IMG/TCW/00115,top,GN Container 1/4 100 Bilge,BILGE,Kitchen Smalls > GN Containers & Lids,,Complete,,,,1,82,6,9,8,134,1,1,0,1,1/4*100,published,,BILGE (6),bilge-research.md,
IMG/TCW/00116,top,GN Container 1/6 100 Bilge,BILGE,Kitchen Smalls > GN Containers & Lids,,Complete,,,,1,82,6,9,8,134,1,1,0,1,1/6*100,published,,BILGE (6),bilge-research.md,
IMG/TCW/00117,top,GN Container 1/9 100 Bilge,BILGE,Kitchen Smalls > GN Containers & Lids,,Complete,,,,1,82,6,9,8,134,1,1,0,1,1/9*100,published,,BILGE (6),bilge-research.md,
IMG/TCW/00118,top,GN Container 1/1 150 Bilge,BILGE,Kitchen Smalls > GN Containers & Lids,,Complete,,,,1,82,6,9,8,135,1,1,0,1,1/1*150,published,,BILGE (6),bilge-research.md,
IMG/TCW/00119,top,GN Container 1/2 150 Bilge,BILGE,Kitchen Smalls > GN Containers & Lids,,Complete,,,,1,82,6,9,8,134,1,1,0,1,1/2*150,published,,BILGE (6),bilge-research.md,
IMG/TCW/00120,top,GN Container 1/3 150 Bilge,BILGE,Kitchen Smalls > GN Containers & Lids,,Complete,,,,1,82,6,9,8,134,1,1,0,1,1/3*150,published,,BILGE (6),bilge-research.md,
IMG/TCW/00121,top,GN Container 1/4 150 Bilge,BILGE,Kitchen Smalls > GN Containers & Lids,,Complete,,,,1,82,6,9,8,134,1,1,0,1,1/4*150,published,,BILGE (6),bilge-research.md,
IMG/TCW/00122,top,GN Container 1/6 150 Bilge,BILGE,Kitchen Smalls > GN Containers & Lids,,Complete,,,,1,82,6,9,8,134,1,1,0,1,1/6 *150,published,,BILGE (6),bilge-research.md,
IMG/TCW/00124,top,GN Container 1/1 200 Bilge,BILGE,Kitchen Smalls > GN Containers & Lids,,Complete,,,,1,82,6,9,8,135,1,1,0,1,1/1*200,published,,BILGE (6),bilge-research.md,
IMG/TCW/00526,top,GN Container 1/1 20 Non Stick,KITCHENWARE,Kitchen Smalls > GN Containers & Lids,,Complete,,,,1,99,5,8,5,143,1,1,0,1,NF811-20,published,,WANHUI (4),kitchenware-research.md,
IMG/TCW/00527,top,GN Container 1/1 40 Non Stick,KITCHENWARE,Kitchen Smalls > GN Containers & Lids,,Complete,,,,1,106,5,8,5,143,1,1,0,1,NF811-40,published,,WANHUI (4),kitchenware-research.md,
IMG/TCW/00097,top,GN Lids 1/1 Berjaya,BERJAYA,Kitchen Smalls > GN Containers & Lids,,Complete,,,,1,59,4,7,5,115,1,1,0,0,FP 1/1C,published,,BERJAYA (5),berjaya-research.md,
IMG/TCW/00098,top,GN Lids 1/2 Berjaya,BERJAYA,Kitchen Smalls > GN Containers & Lids,,Complete,,,,1,59,4,7,5,123,1,1,0,0,FP 1/2C,published,,BERJAYA (5),berjaya-research.md,
IMG/TCW/00099,top,GN Lids 1/3 Berjaya,BERJAYA,Kitchen Smalls > GN Containers & Lids,,Complete,,,,1,59,4,7,5,116,1,1,0,0,FP 1/3C,published,,BERJAYA (5),berjaya-research.md,
IMG/TCW/00100,top,GN Lids 1/4 Berjaya,BERJAYA,Kitchen Smalls > GN Containers & Lids,,Complete,,,,1,59,4,7,5,126,1,1,0,0,FP 1/4C,published,,BERJAYA (5),berjaya-research.md,
IMG/TCW/00102,top,GN Lids 1/9 Berjaya,BERJAYA,Kitchen Smalls > GN Containers & Lids,,Complete,,,,1,50,4,7,5,125,1,1,0,0,FP 1/9C,published,,BERJAYA (5),berjaya-research.md,
IMG/TCW/00125,top,GN Lids Bilge,BILGE,Kitchen Smalls > GN Containers & Lids,KITCHEN SMALLS,Complete,,thin listing,3,1,90,4,4,3,146,1,1,0,0,,published,,BILGE (6),bilge-research.md,
IMG/TCW/00125,variant,GN Lids Bilge [11-gn],BILGE,Kitchen Smalls > GN Containers & Lids,KITCHEN SMALLS,Complete,,thin listing,3,0,0,0,0,0,0,0,1,,0,1/1-C,published,,BILGE (6),bilge-research.md,
IMG/TCW/00126,variant,GN Lids Bilge [12-gn],BILGE,Kitchen Smalls > GN Containers & Lids,KITCHEN SMALLS,Complete,,thin listing,3,0,0,0,0,0,0,0,1,,0,1/2 - C,published,,BILGE (6),bilge-research.md;variant-children-gap-research.md,
IMG/TCW/00127,variant,GN Lids Bilge [13-gn],BILGE,Kitchen Smalls > GN Containers & Lids,KITCHEN SMALLS,Complete,,thin listing,3,0,0,0,0,0,0,0,1,,0,1/3 - C,published,,BILGE (6),bilge-research.md;variant-children-gap-research.md,
IMG/TCW/00128,variant,GN Lids Bilge [14-gn],BILGE,Kitchen Smalls > GN Containers & Lids,KITCHEN SMALLS,Complete,,thin listing,3,0,0,0,0,0,0,0,1,,0,1/4 - C,published,,BILGE (6),bilge-research.md;variant-children-gap-research.md,
IMG/TCW/00129,variant,GN Lids Bilge [16-gn],BILGE,Kitchen Smalls > GN Containers & Lids,KITCHEN SMALLS,Complete,,thin listing,3,0,0,0,0,0,0,0,1,,0,1/6 - C,published,,BILGE (6),bilge-research.md,
IMG/TCW/00130,variant,GN Lids Bilge [19-gn],BILGE,Kitchen Smalls > GN Containers & Lids,KITCHEN SMALLS,Complete,,thin listing,3,0,0,0,0,0,0,0,1,,0,BLGNL1/9,published,,BILGE (6),bilge-research.md,
IMG/COF/00116,top,"Vertical Bun Toaster VCT-1000 230V 50/60HZ BS-1363, 13 Amp",ANTUNES,Cooking Equipment > Toasters,,Complete,,,,1,100,6,16,13,156,1,1,2,1,9210710,published,,,antunes-research.md,
IMG/HOT/00108,top,Toaster 4 Slots Waring,WARING,Cooking Equipment > Toasters,,Complete,,,,1,128,6,12,9,155,1,1,1,1,WCT805K,published,,WARING (2),tefcold-waring-research.md;waring-research.md,
IMG/HOT/00271,top,Toaster 6 Slots H-Kitchen,HK-REDLINE,Cooking Equipment > Toasters,,Complete,,,,1,142,5,10,7,135,1,1,3,1,6ATS-C,published,,"H KITCHEN (43), KASSIDYxx (2)",hk-redline-research.md,
IMG/HOT/00281,top,Electric Conveyor Toaster H260D,SHINEHO,Cooking Equipment > Toasters,COOKING EQUIPMENT,No supplier data,no source located - no description and no specification table,,,0,0,0,0,0,0,1,0,0,0,H260D,archived,,,oem-placeholder-brands-research.md,Nothing published
IMG/HOT/00352,top,Conveyor Toaster CT-3,HK-REDLINE,Cooking Equipment > Toasters,,Complete,,,,1,162,5,8,5,135,1,1,1,1,CT-3,published,,"H KITCHEN (43), KASSIDYxx (2)",hk-redline-research.md,
IMG/HOT/00244,top,Egg Waffle Maker,KINGMA,Cooking Equipment > Waffle & Snack Makers,,Complete,,,,1,119,6,13,10,148,1,0,0,1,FY-6,archived,,,oem-placeholder-brands-research.md,
IMG/HOT/00416,top,Waffle Maker Single WB-1,HK-REDLINE,Cooking Equipment > Waffle & Snack Makers,,Complete,,,,1,145,5,10,7,135,1,1,0,1,WB-1,published,,"H KITCHEN (43), KASSIDYxx (2)",hk-redline-research.md,
IMG/HOT/00417,top,Waffle Maker Double WB-2,HK-REDLINE,Cooking Equipment > Waffle & Snack Makers,COOKING EQUIPMENT,Sources disagree,SAP 500x320x300 disagrees with the maker,,,1,136,5,10,7,145,1,1,0,1,WB-2,published,,"H KITCHEN (43), KASSIDYxx (2)",hk-redline-research.md,Dimensions
IMG/PAS/00005,top,Pretzel & Sandwich Slicer,EMPERO,Bakery Preparation > Bread Slicers,,Complete,,,,1,73,5,10,7,133,1,1,0,1,EMP.3005,published,,EMPEROxx (7),empero-research.md,
IMG/HOT/00099,top,Shawarma Electric Roller Grill,ROLLER GRILL,Cooking Equipment > Shawarma Machines,,Complete,,,,1,148,6,18,15,149,1,1,0,1,GR80E,published,,CANCELLED IMPORTED ITEMS (2),roller-grill-research.md,
IMG/HOT/00154,top,Infra Red Grill Mercatus Stan MC167,MERCATUS,Cooking Equipment > Grills,,Complete,,,,1,119,6,10,7,150,1,1,3,1,STAN MC167,published,,,mercatus-research.md,
IMG/HOT/00155,top,Infra Red Grill Mercatus XXL MC167,MERCATUS,Cooking Equipment > Grills,,Complete,,,,1,120,6,9,6,143,1,1,3,1,XXL MC167,published,,,mercatus-research.md,
IMG/HOT/00156,top,Infra Red Grill Mercatus XL MC167,MERCATUS,Cooking Equipment > Grills,COOKING EQUIPMENT,Sources disagree,"the XL cabinet is larger than the XXL, range naming inverted",,,1,119,6,9,6,142,1,1,3,1,XL MC167,published,,,mercatus-research.md,Other spec value
IMG/HOT/00353,top,Panini Grill Single GH-811E,HK-REDLINE,Cooking Equipment > Panini Grills,,Complete,,,,1,50,4,7,4,110,1,1,0,1,GH-811E,published,,"H KITCHEN (43), KASSIDYxx (2)",hk-redline-research.md,
IMG/HOT/00354,top,Panini Grill Double GH-813,HK-REDLINE,Cooking Equipment > Panini Grills,COOKING EQUIPMENT,Sources disagree,depth 350 vs 305,,,1,50,4,7,4,112,1,1,0,1,GH-813,published,,"H KITCHEN (43), KASSIDYxx (2)",hk-redline-research.md,Dimensions
IMG/HOT/00382,top,Charcoal Grill Automatic 1750MM 60 Skewers TRS-60,TECNOROAST,Cooking Equipment > Grills,COOKING EQUIPMENT,Complete,,thin listing,6,0,98,6,0,0,0,1,1,2,1,TRS-60,published,,,sunnylux-tecnoroast-tungsten-research.md;tecnoroast-research.md,
IMG/HOT/00384,top,Charcoal Grill Automatic 850MM 20 Skewers TRS-20,TECNOROAST,Cooking Equipment > Grills,COOKING EQUIPMENT,Sources disagree,"the drawing says 80 cm, the maker spec table says 850 mm",,,0,53,0,0,0,0,1,1,1,1,TRS-20,published,,,sunnylux-tecnoroast-tungsten-research.md;tecnoroast-research.md,Dimensions
IMG/HOT/00385,top,Steam Cooker Grills Electric Empero,EMPERO,Cooking Equipment > Grills,,Complete,,,,1,88,4,8,5,155,1,1,0,1,EMP.6LE010,published,,EMPEROxx (7),empero-research.md,
IMG/HOT/00400,top,Lifted Charcoal Grill EMP.BTG.01,EMPERO,Cooking Equipment > Grills,,Complete,,,,1,86,5,10,7,121,1,1,0,1,EMP.BTG.01,published,,EMPEROxx (7),empero-research.md,
IMG/HOT/00066,top,Salamander Electric Lift Up EB-450,HK-REDLINE,Cooking Equipment > Salamanders,COOKING EQUIPMENT,Sources disagree,"height 500 (SAP) vs 400 (ours) vs 470 (maker), none agree",,,1,152,6,12,9,141,1,1,0,1,EB-450,published,H KITCHEN / H-Kitchen `EB-450 (exact),"H KITCHEN (43), KASSIDYxx (2)",hk-redline-research.md,Dimensions
IMG/HOT/00071,top,Salamander Electric Lift Up EB-600,HK-REDLINE,Cooking Equipment > Salamanders,COOKING EQUIPMENT,Sources disagree,SAP 600x450x500 matches no published figure,,,1,147,6,8,5,143,1,1,5,1,EB-600,published,KASSIDYxx / Kassidy `EB-600 (exact),"H KITCHEN (43), KASSIDYxx (2)",hk-redline-research.md,Dimensions
IMG/HOT/00186,top,Salamander Electric Baron SE40/0CB,BARON,Cooking Equipment > Salamanders,,Complete,,,,1,107,6,14,11,140,1,1,0,1,SE40/0CB,published,,BARON (2),baron-research.md,
IMG/HOT/00402,top,Microwave Oven 25LTR EM025FJTS0SF00,SULTE,Cooking Equipment > Microwaves,COOKING EQUIPMENT,Sources disagree,supplier model code differs from ours,,,1,80,6,12,9,157,1,1,1,1,EM025FJTS0SF00,published,,,sulte-research.md,Model code / identity
IMG/HOT/00403,top,Microwave Oven 34LTR EMA34GTQS00E00,SULTE,Cooking Equipment > Microwaves,COOKING EQUIPMENT,Sources disagree,supplier model code differs from ours,,,1,100,6,12,9,157,1,1,2,1,EMA34GTQS00E00,published,,,sulte-research.md,Model code / identity
IMG/HOT/00304,top,Pasta Cooker Gas GH-538,ASTAR,Cooking Equipment > Pasta Cookers,,Complete,,,,1,85,4,5,2,147,1,1,0,0,GH-538,published,,,astar-research.md;hds-research.md,
IMG/HOT/00069,top,Hot Dog Roller Electric,HK-REDLINE,Cooking Equipment > Waffle & Snack Makers,COOKING EQUIPMENT,Complete,,thin listing,3,1,108,3,6,3,80,1,1,0,1,CZ-9,published,,"H KITCHEN (43), KASSIDYxx (2)",hk-redline-research.md,
IMG/HOT/00042,top,Fryer Double 25 Litres Table Top Electric Elaboratex HEF-904,OEM SHEFFIELD,Cooking Equipment > Fryers,COOKING EQUIPMENT,Sources disagree,Flamemax 8.5+8.5 L / 2.8 kW vs our 12+12 L / 4.5 kW,,,1,32,4,7,4,144,1,1,0,1,HEF-904,published,ELABORATEXxx / ELABORATEX `HEF-904 (exact),"GUANGZHOU (8), HY (2), KASSIDYxx (2), ELABORATEXxx (2)",baron-research.md;oem-sheffield-research.md,Electrical rating
IMG/HOT/00098,top,Fryer Roller Grill RFG 12,ROLLER GRILL,Cooking Equipment > Fryers,COOKING EQUIPMENT,Sources disagree,"SAP 8-9 kW, Roller Grill publishes 8 kW flat",,,1,144,6,21,18,155,1,1,1,1,RFG 12,published,CANCELLED IMPORTED ITEMS / Roller Grill `RFG 12 (exact),CANCELLED IMPORTED ITEMS (2),roller-grill-research.md,Electrical rating
IMG/HOT/00189,top,Single Well Electric Fryer 15 Ltr Drop-In Baron DI7FRE415,BARON,Cooking Equipment > Fryers,,Complete,,,,1,125,6,18,15,140,1,1,0,1,DI7FRE415,published,,BARON (2),baron-research.md,
IMG/HOT/00419,top,Electric Fryer Single EF-11L,HK-REDLINE,Cooking Equipment > Fryers,,Complete,,,,1,100,6,10,7,105,1,1,4,1,EF-11L,published,,"H KITCHEN (43), KASSIDYxx (2)",baron-research.md;hk-redline-research.md,
IMG/HOT/00420,top,Electric Fryer Double EF-11L-2,HK-REDLINE,Cooking Equipment > Fryers,,Complete,,,,1,113,5,11,8,137,1,1,4,1,EF-11L-2,published,,"H KITCHEN (43), KASSIDYxx (2)",hk-redline-research.md,
IMG/HOT/00407,top,Fryer Baskets for HDSFGH-150S,HDS,Cooking Equipment > Fryers,,Complete,,,,1,46,3,4,3,132,1,1,0,1,70201104400,published,,,hds-research.md,
IMG/HOT/00424,top,Fryer Baskets for HDSFGH-90S,HDS,Cooking Equipment > Fryers,,Complete,,,,1,43,3,4,3,120,1,1,0,0,70201104400,published,,,hds-research.md,
IMG/HOT/00425,top,Fryer Baskets for HDSFGH-120S LP,HDS,Cooking Equipment > Fryers,,Complete,,,,1,46,3,4,3,135,1,1,0,0,70201105746,published,,,hds-research.md,
IMG/HOT/00427,top,HEF-904 Fryer Basket,OEM SHEFFIELD,Cooking Equipment > Fryers,COOKING EQUIPMENT,Complete,,thin listing,3,1,18,2,4,1,106,1,0,0,1,HEF-904 BASKET,draft,,"GUANGZHOU (8), HY (2), KASSIDYxx (2), ELABORATEXxx (2)",oem-sheffield-research.md,
IMG/HOT/00085,top,Fryer Single 13 Litres Gas Lincar,LINCAR MEMME,Cooking Equipment > Fryers,,Complete,,,,1,155,5,12,9,154,1,1,0,0,G1140VN,published,,MEMME.xx (1),lincar-memme-research.md,
IMG/HOT/00219,top,Fryer Single 28 Litres Electric Redline,HK-REDLINE,Cooking Equipment > Fryers,,Complete,,,,1,19,12,4,1,98,1,1,0,1,DF-28L,published,,"H KITCHEN (43), KASSIDYxx (2)",hk-redline-research.md,
IMG/HOT/00257,top,Fryer Single 23 Litres Gas GF90 Redline,SHEFFIELD REDLINE,Cooking Equipment > Fryers,COOKING EQUIPMENT,Our records only,no external source published - written from our own records,,,0,96,0,0,0,0,1,1,0,0,GF90,published,,,,Other spec value
IMG/HOT/00278,top,Pressure Fryer Counter Top MDXZ-16 Redline,HK-REDLINE,Cooking Equipment > Pressure Fryers,,Complete,,,,1,152,5,11,8,143,1,1,0,1,MDXZ-16,published,,"H KITCHEN (43), KASSIDYxx (2)",hk-redline-research.md,
IMG/HOT/00282,top,Pressure Fryer Electric MDXZ-24 Redline,HK-REDLINE,Cooking Equipment > Pressure Fryers,,Complete,,,,1,145,5,11,8,143,1,1,0,1,MDXZ-24,published,,"H KITCHEN (43), KASSIDYxx (2)",hk-redline-research.md,
IMG/HOT/00332,top,Pressure Fryer Electric Broaster 1600,HDS,Cooking Equipment > Pressure Fryers,,Complete,,,,1,125,6,13,10,132,1,1,0,1,BROASTER 1600E,published,,,broaster-geneva-rimpar-research.md;hds-research.md,
IMG/HOT/00333,top,Pressure Fryer Gas Broaster 1800,HDS,Cooking Equipment > Pressure Fryers,COOKING EQUIPMENT,Sources disagree,no electrical rating - needs the Kenyan-build figure,,,1,146,6,13,10,119,1,1,0,1,BROASTER 1800G,published,,,broaster-geneva-rimpar-research.md;hds-research.md,Electrical rating
IMG/HOT/00390,top,Pressure Fryer Electric Broaster 1800,HDS,Cooking Equipment > Pressure Fryers,,Complete,,,,1,146,6,13,10,120,1,1,1,1,BROASTER 1800E,published,,,broaster-geneva-rimpar-research.md;hds-research.md,
IMG/HOT/00344,top,Fryer Single Gas HDS,HDS,Cooking Equipment > Fryers,,Complete,,,,1,142,6,14,12,152,1,1,0,0,,published,,,hds-research.md;variant-children-gap-research.md,
IMG/HOT/00344,variant,Fryer Single Gas HDS [22-litres],HDS,Cooking Equipment > Fryers,,Complete,,,,0,0,0,0,0,0,0,1,,1,HDSFGH-120,published,,,hds-research.md;variant-children-gap-research.md,
IMG/HOT/00345,variant,Fryer Single Gas HDS [30-litres],HDS,Cooking Equipment > Fryers,,Complete,,,,0,0,0,0,0,0,0,1,,1,HDSFGH-150,published,,,hds-research.md;variant-children-gap-research.md,
IMG/HOT/00347,top,Fryer Split Type 15 + 15 Ltrs HDS-150S,HDS,Cooking Equipment > Fryers,,Complete,,,,1,116,6,12,9,154,1,1,0,1,HDSFGH-150S,published,,,hds-research.md,
IMG/HOT/00436,top,Fryer Split Type 10 + 10 Litres HDS Electric,HDS,Cooking Equipment > Fryers,COOKING EQUIPMENT,Sources disagree,"This SKU is the electric split fryer, but the photograph on file is the gas model from the same family. Needs the electric spec and photo.",,,0,0,0,0,0,0,1,1,0,1,HDSEFF-10LS,archived,,,hds-research.md;sap-reconciliation-research.md,Wrong photograph
IMG/HOT/00434,top,Fryer Split Type 10 + 10 Litres H Kitchen Electric,HK-REDLINE,Cooking Equipment > Fryers,,Complete,,,,1,111,5,10,7,135,1,1,3,1,DF-10L-2,archived,,"H KITCHEN (43), KASSIDYxx (2)",hk-redline-research.md;sap-reconciliation-research.md,
IMG/HOT/00386,top,Fryer Double 21 + 21 Litres Electric,HK-REDLINE,Cooking Equipment > Fryers,,Complete,,,,1,123,5,9,6,116,1,1,0,1,JZH-TCX2,published,,"H KITCHEN (43), KASSIDYxx (2)",hk-redline-research.md,
IMG/HOT/00388,top,Fryer Split Type 15 + 15 Ltrs H-Kitchen,HK-REDLINE,Cooking Equipment > Fryers,COOKING EQUIPMENT,Sources disagree,SAP 730x500x230 is not this machine,,,1,171,1,4,1,89,1,1,0,1,RC-400T,published,,"H KITCHEN (43), KASSIDYxx (2)",hk-redline-research.md,Dimensions
IMG/HOT/00389,top,Fryer Split Type 11 + 11 Ltrs H-Kitchen,HK-REDLINE,Cooking Equipment > Fryers,,Complete,,,,1,113,5,10,7,135,1,1,0,1,GF-120T,published,,"H KITCHEN (43), KASSIDYxx (2)",hk-redline-research.md,
IMG/HOT/00406,top,Free Standing 21 Ltrs Single Well Fryer HDSFGH-90,HDS,Cooking Equipment > Fryers,,Complete,,,,1,115,5,12,9,137,1,1,0,1,HDSFGH-90,published,,,hds-research.md,
IMG/HOT/00421,top,Elec Fryer EF-28L,HK-REDLINE,Cooking Equipment > Fryers,COOKING EQUIPMENT,Sources disagree,maker figure contradicts our stored 400x700x290,,,1,15,2,3,0,69,1,1,0,1,EF-28L,published,,"H KITCHEN (43), KASSIDYxx (2)",hk-redline-research.md,Dimensions
IMG/COF/00023,top,Milk Boiler with Indirect Water Heating Jacket,PRADEEP,Beverage Machines > Milk Boilers,,Complete,,,,1,135,6,11,9,131,1,1,0,0,,published,,PRADEEP (1),pradeep-research.md;sap-reconciliation-research.md,
IMG/COF/00023,variant,Milk Boiler with Indirect Water Heating Jacket [12-litres],PRADEEP,Beverage Machines > Milk Boilers,,Complete,,,,0,0,0,0,0,0,0,1,,0,7228/12,published,,PRADEEP (1),pradeep-research.md;sap-reconciliation-research.md,
IMG/COF/00024,variant,Milk Boiler with Indirect Water Heating Jacket [20-litres],PRADEEP,Beverage Machines > Milk Boilers,,Complete,,,,0,0,0,0,0,0,0,1,,0,7228/20,published,,PRADEEP (1),pradeep-research.md,
IMG/COF/00025,variant,Milk Boiler with Indirect Water Heating Jacket [30-litres],PRADEEP,Beverage Machines > Milk Boilers,,Complete,,,,0,0,0,0,0,0,0,1,,0,7228/30,published,,PRADEEP (1),pradeep-research.md,
IMG/COF/00026,top,Water Boiler Insulated 10 Litres,SHEFFIELD,Beverage Machines > Water Boilers & Urns,BEVERAGE MACHINES,No supplier data,no source located - no description and no specification table,,,0,0,0,0,0,0,1,0,0,0,,archived,,,,Nothing published
IMG/COF/00108,top,Water Boiler EF-20 (Hydroboil),HK-REDLINE,Beverage Machines > Water Boilers & Urns,BEVERAGE MACHINES,No supplier data,EF-20 returns nothing published. The stored 160 x 170 mm footprint is far too small to be the boiler itself.,,,1,49,2,3,0,82,1,1,0,0,EF-20,published,,"H KITCHEN (43), KASSIDYxx (2)",hk-redline-research.md,Dimensions
IMG/COF/00027,top,Water Boiler Insulated 20 Litres SS,OEM SHEFFIELD,Beverage Machines > Water Boilers & Urns,,Complete,,,,1,25,4,4,1,109,1,1,1,0,WBB20L,published,,"GUANGZHOU (8), HY (2), KASSIDYxx (2), ELABORATEXxx (2)",oem-placeholder-brands-research.md;oem-sheffield-research.md,
IMG/COF/00112,top,Electric Catering Urn (Water Boiler),PRADEEP,Beverage Machines > Water Boilers & Urns,,Complete,,,,1,101,6,10,7,117,1,1,1,0,,published,,PRADEEP (1),pradeep-research.md,
IMG/COF/00112,variant,Electric Catering Urn (Water Boiler) [9-litres],PRADEEP,Beverage Machines > Water Boilers & Urns,,Complete,,,,0,0,0,0,0,0,0,1,,0,111102,published,,PRADEEP (1),pradeep-research.md,
IMG/COF/00113,variant,Electric Catering Urn (Water Boiler) [18-litres],PRADEEP,Beverage Machines > Water Boilers & Urns,,Complete,,,,0,0,0,0,0,0,0,1,,0,111104,published,,PRADEEP (1),pradeep-research.md,
IMG/COF/00114,variant,Electric Catering Urn (Water Boiler) [27-litres],PRADEEP,Beverage Machines > Water Boilers & Urns,,Complete,,,,0,0,0,0,0,0,0,1,,0,111106,published,,PRADEEP (1),pradeep-research.md;variant-children-gap-research.md,
IMG/COF/00115,variant,Electric Catering Urn (Water Boiler) [40-litres],PRADEEP,Beverage Machines > Water Boilers & Urns,,Complete,,,,0,0,0,0,0,0,0,1,,0,111109,published,,PRADEEP (1),pradeep-research.md,
IMG/COF/00111,top,Coffee Filter with Heater Plate 5 Ltr,PRADEEP,Coffee Machines > Coffee Brewers,,Complete,,,,1,108,5,11,8,117,1,1,2,0,111504,draft,,PRADEEP (1),pradeep-research.md,
IMG/COF/00032,top,Heated Insulated Water Urn 36 Litres,PRADEEP,Beverage Machines > Water Boilers & Urns,,Complete,,,,1,102,6,10,8,115,1,1,0,0,9G,published,,PRADEEP (1),pradeep-research.md,
IMG/COF/00029,top,Non Heated Insulated Catering Urn/Thermos,PRADEEP,Beverage Machines > Water Boilers & Urns,,Complete,,,,1,120,5,9,6,131,1,1,0,0,,published,,PRADEEP (1),pradeep-research.md,
IMG/COF/00029,variant,Non Heated Insulated Catering Urn/Thermos [16-litres],PRADEEP,Beverage Machines > Water Boilers & Urns,,Complete,,,,0,0,0,0,0,0,0,1,,0,7217/16,published,,PRADEEP (1),pradeep-research.md,
IMG/COF/00030,variant,Non Heated Insulated Catering Urn/Thermos [20-litres],PRADEEP,Beverage Machines > Water Boilers & Urns,,Complete,,,,0,0,0,0,0,0,0,1,,0,7217/20,published,,PRADEEP (1),pradeep-research.md,
IMG/COF/00031,variant,Non Heated Insulated Catering Urn/Thermos [30-litres],PRADEEP,Beverage Machines > Water Boilers & Urns,,Complete,,,,0,0,0,0,0,0,0,1,,0,7217/30,published,,PRADEEP (1),pradeep-research.md,
IMG/COF/00098,top,Heated Insulated Water Urn 40 Litres,JANGMEN,Beverage Machines > Water Boilers & Urns,BEVERAGE MACHINES,No supplier data,no source located - no description and no specification table,,,0,0,0,0,0,0,1,1,0,0,WBB40L,archived,,,oem-placeholder-brands-research.md,Nothing published
IMG/COF/00020,top,Heated Water Urn Non-Exposed Element 15 Litres,HK-REDLINE,Beverage Machines > Water Boilers & Urns,,Complete,,,,1,152,5,8,5,137,1,1,0,0,WB15A,published,,"H KITCHEN (43), KASSIDYxx (2)",hk-redline-research.md,
IMG/COF/00021,top,Heated Water Urn with Exposed Element 20 Litres,HK-REDLINE,Beverage Machines > Water Boilers & Urns,,Complete,,,,1,137,5,8,5,134,1,1,0,0,WB20A,published,,"H KITCHEN (43), KASSIDYxx (2)",hk-redline-research.md,
IMG/COF/00022,top,Heated Water Urn with Exposed Element 30 Litres,HK-REDLINE,Beverage Machines > Water Boilers & Urns,,Complete,,,,1,146,5,8,5,136,1,1,0,0,WB30A,published,,"H KITCHEN (43), KASSIDYxx (2)",hk-redline-research.md,
IMG/COF/00001,top,Heated Water Urn with Concealed Element Berjaya,BERJAYA,Beverage Machines > Water Boilers & Urns,,Complete,,,,1,119,6,10,7,135,1,1,0,0,,published,,BERJAYA (5),berjaya-research.md,
IMG/COF/00001,variant,Heated Water Urn with Concealed Element Berjaya [30-litres],BERJAYA,Beverage Machines > Water Boilers & Urns,,Complete,,,,0,0,0,0,0,0,0,1,,1,WU-CH-30L,published,,BERJAYA (5),berjaya-research.md,
IMG/COF/00002,variant,Heated Water Urn with Concealed Element Berjaya [40-litres],BERJAYA,Beverage Machines > Water Boilers & Urns,,Complete,,,,0,0,0,0,0,0,0,1,,1,WU-CH-40L,published,,BERJAYA (5),berjaya-research.md,
IMG/COF/00137,top,Coffee Brewer with Single Decanter Bravilor B10,BRAVILOR,Coffee Machines > Coffee Brewers,,Complete,,,,1,115,5,8,5,142,1,1,0,1,B10,archived,,,six-single-sku-brands-research.md,
IMG/COF/00004,top,Coffee Brewer Single Cater,CREM,Coffee Machines > Coffee Brewers,COFFEE MACHINES,Sources disagree,SAP 2500 W and the 45 min brew time both contradicted,,,1,144,6,12,10,128,1,1,0,1,1008620,published,CREM / CREM `1008620 (exact),CREM (8),crem-research.md,Other spec value
IMG/COF/00006,top,Coffee Brewer with 2 Decanter,CREM,Coffee Machines > Coffee Brewers,COFFEE MACHINES,Sources disagree,CREM's own sheets disagree with each other,,,1,91,6,13,11,121,1,1,0,1,CQM2,published,CREM / CREM `CQM2 (exact),CREM (8),crem-research.md;kef-research.md,Other spec value
IMG/COF/00007,top,Cup Dispenser,CREM,Coffee Machines > Coffee Servery,COFFEE MACHINES,No supplier data,"The record carries no model number, so there is nothing to search a supplier catalogue on.",,,0,0,0,0,0,0,1,1,0,0,,archived,,CREM (8),crem-research.md,Model code / identity
IMG/COF/00012,top,Thermos Percolator SS,CREM,Coffee Machines > Coffee Servery,COFFEE MACHINES,Sources disagree,"named a percolator, the source resolves it as a vacuum jug",,,0,48,0,0,0,0,1,1,0,0,1103256,published,CREM / CREM `1103256 (exact),CREM (8),crem-research.md,Other spec value
IMG/COF/00013,top,Warming Plate Double,CREM,Coffee Machines > Coffee Servery,,Complete,,,,1,124,6,8,5,129,1,1,2,1,CQ V-2 1001120,published,,CREM (8),crem-research.md,
IMG/COF/00138,top,Coffee Brewer with Double Cater (Thermos),KEF,Coffee Machines > Coffee Brewers,COFFEE MACHINES,Sources disagree,"stored dimensions belong to FLT120-2, not to any FLS",,,0,0,0,0,0,0,1,0,0,1,FLS6X2,draft,,,kef-research.md;rational-rancilio-kef-gaps-research.md,Dimensions
IMG/BUF/00009,top,Banquet Trolley Hot Single EMP.BQ1,EMPERO,Storage & Food Transport > Banquet Trolleys,,Complete,,,,1,85,4,10,7,160,1,1,0,1,EMP.BQ1,published,,EMPEROxx (7),empero-research.md,
IMG/BUF/00155,top,Hot and Cold Meal Distribution Trolley 24 Tray,EMPERO,Storage & Food Transport > Banquet Trolleys,,Complete,,,,1,135,6,11,8,140,1,1,1,1,EMP.MED.S.24-1/3,published,,EMPEROxx (7),empero-research.md,
IMG/BUF/00099,top,Avatherm Thermotray with Locks,EMPERO,Storage & Food Transport > Thermoboxes & Thermotrays,,Complete,,,,1,90,5,7,4,159,1,1,1,0,AVT-PP-LCK,published,,EMPEROxx (7),empero-research.md,
IMG/BUF/00150,top,SDX Thermobox K120RD/F120RD,SDX,Storage & Food Transport > Thermoboxes & Thermotrays,STORAGE & FOOD TRANSPORT,No supplier data,no source located - no description and no specification table,,,0,0,0,0,0,0,1,1,0,0,K120RD/F120RD,archived,,,oem-placeholder-brands-research.md,Nothing published
IMG/BUF/00183,top,Thermo Box 3 GN H-Kitchen,HK-REDLINE,Storage & Food Transport > Thermoboxes & Thermotrays,STORAGE & FOOD TRANSPORT,Complete,,thin listing,1,1,43,1,4,1,77,1,1,0,1,CPWK090-1,published,,"H KITCHEN (43), KASSIDYxx (2)",hk-redline-research.md,
IMG/BUF/00186,top,Thermo Box 6 GN Heated,HK-REDLINE,Storage & Food Transport > Thermoboxes & Thermotrays,,Complete,,,,1,112,6,3,0,85,1,1,0,1,CPWK090-31,published,,"H KITCHEN (43), KASSIDYxx (2)",hk-redline-research.md,
IMG/HYS/00179,top,Insect Killer Berjaya IK30,BERJAYA,Hygiene > Insect Killers,,Complete,,,,1,82,6,10,7,147,1,1,0,1,BJY-IK30A,published,,BERJAYA (5),berjaya-research.md;steelology-research.md,
IMG/HYS/00001,top,Hand Wash Basin Knee Operated Bilge,BILGE,Hygiene > Hand Wash Basins,,Complete,,,,1,77,5,7,5,138,1,1,0,1,BLGHWBK,published,,BILGE (6),bilge-research.md;oem-placeholder-brands-research.md,
IMG/HYS/00003,top,Knife Sterilizer EMP.BST.001,EMPERO,Hygiene > Sanitising & Hygiene Accessories,,Complete,,,,1,75,5,10,7,118,1,1,0,1,EMP.BST.001,published,,EMPEROxx (7),empero-research.md,
IMG/HYS/00190,top,Fogging Machine 5 Litre Electric,FOSHAN,Hygiene > Sanitising & Hygiene Accessories,,Complete,,,,1,109,5,8,5,127,1,1,0,0,SM5L,published,,,oem-placeholder-brands-research.md,
IMG/HYS/00196,top,Towel Cabinet Hot & Cold KD 20SL-FL,H-KITCHEN,Hygiene > Sanitising & Hygiene Accessories,,Complete,,,,1,132,5,6,3,144,1,1,0,1,KD 20SL-FL,published,,"H KITCHEN (2), BRAVO (1)",h-kitchen-research.md,
IMG/HYS/00032,top,Insect Killer PJ-FK40,MAYSIN,Hygiene > Insect Killers,HYGIENE,No supplier data,no source located - no description and no specification table,,,0,0,3,0,0,0,1,1,0,1,PJ-FK40,published,,,oem-placeholder-brands-research.md;sheffield-blueline-research.md,Nothing published
IMG/HYS/00014,top,Wall Mounted Retractable Hose Reel,SHEFFIELD,Hygiene > Sanitising & Hygiene Accessories,HYGIENE,No supplier data,no source located - no description and no specification table,,,0,0,0,0,0,0,1,1,0,0,,published,,,,Nothing published
IMG/HYS/00220,top,Hand Wash Basin Knee Operated YLS42,SHEFFIELD,Hygiene > Hand Wash Basins,HYGIENE,No supplier data,no source located - no description and no specification table,,,0,17,0,0,0,0,1,1,0,1,YLS42,published,,,oem-placeholder-brands-research.md,Nothing published
IMG/HYS/00221,top,Hand Wash Basin 400X400 YLS44B,SHEFFIELD,Hygiene > Hand Wash Basins,HYGIENE,No supplier data,no source located - no description and no specification table,,,0,15,0,0,0,0,1,1,0,1,YLS44B,published,,,oem-placeholder-brands-research.md,Nothing published
IMG/HYS/00273,top,Insect Killer 2X15 Watts,SHEFFIELD,Hygiene > Insect Killers,HYGIENE,No supplier data,no source located - no description and no specification table,,,0,0,0,0,0,0,1,1,0,0,,archived,,,,Nothing published
IMG/HYS/00266,top,Stainless Steel Container 100X100MM,STEELOLOGY,Hygiene > Storage Containers,HYGIENE,No supplier data,No model number and nothing published. The only figures are the 100 x 100 mm in the item name. Needs a spec from the supplier.,,,0,0,0,0,0,0,1,0,0,0,,archived,,H KITCHEN (1),steelology-research.md,Dimensions
IMG/HYS/00267,top,Stainless Steel Container 125X135MM,STEELOLOGY,Hygiene > Storage Containers,HYGIENE,No supplier data,No model number and nothing published. The only figures are the 125 x 135 mm in the item name. Needs a spec from the supplier.,,,0,0,0,0,0,0,1,0,0,0,,archived,,H KITCHEN (1),steelology-research.md,Dimensions
IMG/HYS/00268,top,Stainless Steel Container 150X165MM,STEELOLOGY,Hygiene > Storage Containers,HYGIENE,No supplier data,No model number and nothing published. The only figures are the 150 x 165 mm in the item name. Needs a spec from the supplier.,,,0,0,0,0,0,0,1,0,0,0,,archived,,H KITCHEN (1),steelology-research.md,Dimensions
IMG/HYS/00269,top,Stainless Steel Container 190X200MM,STEELOLOGY,Hygiene > Storage Containers,HYGIENE,No supplier data,No model number and nothing published. The only figures are the 190 x 200 mm in the item name. Needs a spec from the supplier.,,,0,0,0,0,0,0,1,0,0,0,,archived,,H KITCHEN (1),steelology-research.md,Dimensions
IMG/HYS/00281,top,Insect Killer 30W Spider Type,STEELOLOGY,Hygiene > Insect Killers,HYGIENE,Sources disagree,"The model number recorded (30W) is the wattage, not a part code, and no supplier lists a ""Spider Type"" killer. Needs the real code.",,,0,0,0,0,0,0,1,0,0,0,30W,draft,,H KITCHEN (1),steelology-research.md,Electrical rating
IMG/HYS/00282,top,Insect Killer 45W Spider Type,STEELOLOGY,Hygiene > Insect Killers,HYGIENE,Sources disagree,"The model number recorded (45W) is the wattage, not a part code, and no supplier lists a ""Spider Type"" killer. Needs the real code.",,,0,0,0,0,0,0,1,0,0,0,45W,draft,,H KITCHEN (1),steelology-research.md,Electrical rating
IMG/HYS/00274,top,Food Sink Shredder Disposer ED1100,SUNNYLUX,Hygiene > Waste Disposal,HYGIENE,Our records only,no external source published - written from our own records,,,0,111,0,0,0,0,1,1,0,0,ED1100,published,,,sunnylux-tecnoroast-tungsten-research.md,Other spec value
IMG/HYS/00284,top,Hand Wash Basin Wall Mounted HSWM-006,GRACHOO,Hygiene > Hand Wash Basins,HYGIENE,No supplier data,no source located - no description and no specification table,,,0,0,0,0,0,0,1,0,0,1,HSWM-006,draft,,,oem-placeholder-brands-research.md,Nothing published
IMG/HYS/00283,top,Hand Wash Basin Knee Operated HSWM-001,GRACHOO,Hygiene > Hand Wash Basins,HYGIENE,No supplier data,HSWM-001 is not published by any supplier reached.,,,0,0,0,0,0,0,1,1,0,0,HSWM-001,draft,,,oem-placeholder-brands-research.md,Other spec value
IMG/COF/00070,top,Water Softeners HLT.12,SHEFFIELD,Hygiene > Water Softeners & Filtration,HYGIENE,No supplier data,no source located - no description and no specification table,,,0,0,0,0,0,0,1,0,0,1,HLT.12,archived,,,antunes-research.md,Nothing published
IMG/COF/00125,top,Aq-Hc-Ro,ANTUNES,Hygiene > Water Softeners & Filtration,,Complete,,,,1,123,6,18,15,155,1,0,0,1,9710165,draft,,,antunes-research.md,
IMG/COF/00130,top,AQ-RO-600 Watermark,ANTUNES,Hygiene > Water Softeners & Filtration,,Complete,,,,1,122,6,24,21,143,1,1,0,1,9710162,published,,,antunes-research.md,
IMG/COF/00127,top,GST-1V,ANTUNES,Hygiene > Water Softeners & Filtration,,Complete,,,,1,102,6,14,11,150,1,1,0,1,9211002,draft,,,antunes-research.md,
IMG/COF/00132,top,Hrs Hardness Reduction System,ANTUNES,Hygiene > Water Softeners & Filtration,,Complete,,,,0,80,0,19,16,132,1,1,1,1,9700562,published,,,antunes-research.md,
IMG/COF/00131,top,Ultrafiltration System VZN-511V,ANTUNES,Hygiene > Water Softeners & Filtration,,Complete,,,,1,103,6,20,17,158,1,1,0,1,9710122,published,,,antunes-research.md,
IMG/HYS/00033,top,Rational Care Rinse Detergent,RATIONAL,"Rational Combi Steamers > Cleaner, Care & Active Green Tabs",,Complete,,,,1,61,5,6,4,146,1,1,0,0,9006.0137,published,,"RATIONAL ACCESSORIES (14), XS RATIONAL ACCESSORIES (9)",rational-rancilio-kef-gaps-research.md,
IMG/HYS/00034,top,Rational Care Tablets 56.00.562,RATIONAL,"Rational Combi Steamers > Cleaner, Care & Active Green Tabs",,Complete,,,,1,59,6,6,5,149,1,1,0,0,56.00.562,published,,"RATIONAL ACCESSORIES (14), XS RATIONAL ACCESSORIES (9)",rational-rancilio-kef-gaps-research.md;rational-research.md,
IMG/HYS/00035,top,Rational Care Tabs Loose,RATIONAL,"Rational Combi Steamers > Cleaner, Care & Active Green Tabs",,Complete,,,,1,60,5,5,4,144,1,1,0,0,56.00.562,published,,"RATIONAL ACCESSORIES (14), XS RATIONAL ACCESSORIES (9)",rational-rancilio-kef-gaps-research.md;rational-research.md,
IMG/HYS/00038,top,Rational Cleaner Tabs Loose,RATIONAL,"Rational Combi Steamers > Cleaner, Care & Active Green Tabs",,Complete,,,,1,52,4,4,3,143,1,1,0,0,56.00.210,published,,"RATIONAL ACCESSORIES (14), XS RATIONAL ACCESSORIES (9)",rational-rancilio-kef-gaps-research.md,
IMG/HYS/00039,top,Rational Descaler,RATIONAL,"Rational Combi Steamers > Cleaner, Care & Active Green Tabs",,Complete,,,,1,60,5,6,5,152,1,1,0,0,6006.011,archived,,"RATIONAL ACCESSORIES (14), XS RATIONAL ACCESSORIES (9)",rational-rancilio-kef-gaps-research.md,
IMG/HYS/00040,top,Rational Rinse Aid Tablets,RATIONAL,"Rational Combi Steamers > Cleaner, Care & Active Green Tabs",,Complete,,,,1,51,6,6,5,150,1,1,0,0,56.00.211,published,,"RATIONAL ACCESSORIES (14), XS RATIONAL ACCESSORIES (9)",rational-rancilio-kef-gaps-research.md,
IMG/HYS/00085,top,Rational Active Green Cleaner Tabs,RATIONAL,"Rational Combi Steamers > Cleaner, Care & Active Green Tabs",,Complete,,,,1,71,4,6,5,143,1,1,0,0,56.01.628,published,,"RATIONAL ACCESSORIES (14), XS RATIONAL ACCESSORIES (9)",rational-rancilio-kef-gaps-research.md,
IMG/HYS/00096,top,Rational Active Green Cleaner Tabs Loose,RATIONAL,"Rational Combi Steamers > Cleaner, Care & Active Green Tabs",,Complete,,,,1,70,4,5,4,145,1,1,0,0,56.01.535,archived,,"RATIONAL ACCESSORIES (14), XS RATIONAL ACCESSORIES (9)",rational-rancilio-kef-gaps-research.md,
IMG/HYS/00207,top,Rational Cleaner Tablets 56.00.22,RATIONAL,"Rational Combi Steamers > Cleaner, Care & Active Green Tabs",RATIONAL COMBI STEAMERS,"Data on file, not yet listed",The RATIONAL safety data sheet is on file; the listing text has not been written from it yet.,,,0,0,0,0,0,0,1,1,0,0,56.00.22,published,,"RATIONAL ACCESSORIES (14), XS RATIONAL ACCESSORIES (9)",rational-rancilio-kef-gaps-research.md,Other spec value
IMG/HYS/00264,top,Rational Active Green Cartridge,RATIONAL,"Rational Combi Steamers > Cleaner, Care & Active Green Tabs",,Complete,,,,1,58,6,7,6,149,1,1,0,0,56.01.912,draft,,"RATIONAL ACCESSORIES (14), XS RATIONAL ACCESSORIES (9)",rational-rancilio-kef-gaps-research.md;rational-research.md,
IMG/HYS/00265,top,Rational Care Cartridge,RATIONAL,"Rational Combi Steamers > Cleaner, Care & Active Green Tabs",RATIONAL COMBI STEAMERS,Sources disagree,weight disagreed 11x between two distributors,,,1,64,5,5,4,142,1,0,0,0,56.01.914,draft,,"RATIONAL ACCESSORIES (14), XS RATIONAL ACCESSORIES (9)",rational-rancilio-kef-gaps-research.md;rational-research.md,Capacity / material
IMG/OVE/00022,top,Chicken Super Spike,RATIONAL,Rational Combi Steamers > Rational Oven Accessories,,Complete,,,,1,85,6,6,5,126,1,1,0,0,,published,,"RATIONAL ACCESSORIES (14), XS RATIONAL ACCESSORIES (9)",rational-research.md,
IMG/OVE/00021,variant,Chicken Super Spike [8-birds],RATIONAL,Rational Combi Steamers > Rational Oven Accessories,,Complete,,,,0,0,0,0,0,0,0,1,,0,6035.1006,published,,"RATIONAL ACCESSORIES (14), XS RATIONAL ACCESSORIES (9)",,
IMG/OVE/00022,variant,Chicken Super Spike [10-birds],RATIONAL,Rational Combi Steamers > Rational Oven Accessories,,Complete,,,,0,0,0,0,0,0,0,1,,0,6035.1010,published,,"RATIONAL ACCESSORIES (14), XS RATIONAL ACCESSORIES (9)",rational-research.md,
IMG/OVE/00023,top,Chicken Super Spike 4 Bird ½ GN,RATIONAL,Rational Combi Steamers > Rational Oven Accessories,,Complete,,,,1,56,6,5,4,151,1,1,0,0,6035.1015,archived,,"RATIONAL ACCESSORIES (14), XS RATIONAL ACCESSORIES (9)",rational-rancilio-kef-gaps-research.md,
IMG/OVE/00024,top,Combi Fry,RATIONAL,Rational Combi Steamers > Rational Oven Accessories,,Complete,,,,1,70,5,6,5,121,1,1,0,0,,published,,"RATIONAL ACCESSORIES (14), XS RATIONAL ACCESSORIES (9)",rational-research.md,
IMG/OVE/00025,variant,Combi Fry [23-gn],RATIONAL,Rational Combi Steamers > Rational Oven Accessories,,Complete,,,,0,0,0,0,0,0,0,1,,0,60.73.619,published,,"RATIONAL ACCESSORIES (14), XS RATIONAL ACCESSORIES (9)",rational-research.md,
IMG/OVE/00024,variant,Combi Fry [11-gn],RATIONAL,Rational Combi Steamers > Rational Oven Accessories,,Complete,,,,0,0,0,0,0,0,0,1,,0,6019.1150,published,,"RATIONAL ACCESSORIES (14), XS RATIONAL ACCESSORIES (9)",rational-research.md,
IMG/OVE/00026,top,Combi Grill 1/1,RATIONAL,Rational Combi Steamers > Rational Oven Accessories,,Complete,,,,1,57,6,6,5,157,1,1,0,0,6035.1017,published,,"RATIONAL ACCESSORIES (14), XS RATIONAL ACCESSORIES (9)",rational-rancilio-kef-gaps-research.md,
IMG/OVE/00027,top,Connection Kit,RATIONAL,Rational Combi Steamers > Rational Oven Accessories,RATIONAL COMBI STEAMERS,Sources disagree,"The only datasheet on file is for RATIONAL part 60.70.464, which is not this connection kit. Needs the datasheet for the part we stock.",,,0,0,0,0,0,0,1,1,0,0,,published,,"RATIONAL ACCESSORIES (14), XS RATIONAL ACCESSORIES (9)",rational-rancilio-kef-gaps-research.md;rational-research.md,Model code / identity
IMG/OVE/00028,top,Cross N Stripe Grill,RATIONAL,Rational Combi Steamers > Rational Oven Accessories,,Complete,,,,1,79,6,7,6,113,1,1,0,0,,published,,"RATIONAL ACCESSORIES (14), XS RATIONAL ACCESSORIES (9)",,
IMG/OVE/00028,variant,Cross N Stripe Grill [23-gn],RATIONAL,Rational Combi Steamers > Rational Oven Accessories,,Complete,,,,0,0,0,0,0,0,0,1,,0,60.73.801,published,,"RATIONAL ACCESSORIES (14), XS RATIONAL ACCESSORIES (9)",,
IMG/OVE/00029,variant,Cross N Stripe Grill [11-gn],RATIONAL,Rational Combi Steamers > Rational Oven Accessories,,Complete,,,,0,0,0,0,0,0,0,1,,0,60.73.314,published,,"RATIONAL ACCESSORIES (14), XS RATIONAL ACCESSORIES (9)",variant-children-gap-research.md,
IMG/OVE/00031,top,Granite-Enameled Container,RATIONAL,Rational Combi Steamers > Rational Oven Accessories,,Complete,,,,1,82,6,7,6,127,1,1,0,0,,published,,"RATIONAL ACCESSORIES (14), XS RATIONAL ACCESSORIES (9)",variant-children-gap-research.md,
IMG/OVE/00034,variant,Granite-Enameled Container [23-gn/20-mm],RATIONAL,Rational Combi Steamers > Rational Oven Accessories,,Complete,,,,0,0,0,0,0,0,0,1,,1,6014.2302,published,,"RATIONAL ACCESSORIES (14), XS RATIONAL ACCESSORIES (9)",,
IMG/OVE/00035,variant,Granite-Enameled Container [23-gn/60-mm],RATIONAL,Rational Combi Steamers > Rational Oven Accessories,,Complete,,,,0,0,0,0,0,0,0,1,,1,6014.2306,published,,"RATIONAL ACCESSORIES (14), XS RATIONAL ACCESSORIES (9)",variant-children-gap-research.md,
IMG/OVE/00031,variant,Granite-Enameled Container [11-gn/20-mm],RATIONAL,Rational Combi Steamers > Rational Oven Accessories,,Complete,,,,0,0,0,0,0,0,0,1,,1,6014.1102,published,,"RATIONAL ACCESSORIES (14), XS RATIONAL ACCESSORIES (9)",variant-children-gap-research.md,
IMG/OVE/00032,variant,Granite-Enameled Container [11-gn/60-mm],RATIONAL,Rational Combi Steamers > Rational Oven Accessories,,Complete,,,,0,0,0,0,0,0,0,1,,1,6014.1106,published,,"RATIONAL ACCESSORIES (14), XS RATIONAL ACCESSORIES (9)",variant-children-gap-research.md,
IMG/OVE/00033,top,GRANITE-ENAMELED 2/1GN 60mm,RATIONAL,Rational Combi Steamers > Rational Oven Accessories,,Complete,,,,1,52,5,8,7,155,1,1,0,1,6014.2106,archived,,"RATIONAL ACCESSORIES (14), XS RATIONAL ACCESSORIES (9)",rational-rancilio-kef-gaps-research.md,
IMG/OVE/00036,top,Grill and Tandoori Skewer Frame 1/1GN,RATIONAL,Rational Combi Steamers > Rational Oven Accessories,,Complete,,,,1,57,5,6,5,146,1,1,3,0,60.72.224,published,,"RATIONAL ACCESSORIES (14), XS RATIONAL ACCESSORIES (9)",rational-rancilio-kef-gaps-research.md,
IMG/OVE/00038,top,Grilling and Pizza Tray,RATIONAL,Rational Combi Steamers > Rational Oven Accessories,,Complete,,,,1,76,4,5,4,127,1,1,2,0,,published,,"RATIONAL ACCESSORIES (14), XS RATIONAL ACCESSORIES (9)",,
IMG/OVE/00039,variant,Grilling and Pizza Tray [23-gn],RATIONAL,Rational Combi Steamers > Rational Oven Accessories,,Complete,,,,0,0,0,0,0,0,0,1,,0,60.73.798,published,,"RATIONAL ACCESSORIES (14), XS RATIONAL ACCESSORIES (9)",,
IMG/OVE/00038,variant,Grilling and Pizza Tray [11-gn],RATIONAL,Rational Combi Steamers > Rational Oven Accessories,,Complete,,,,0,0,0,0,0,0,0,1,,0,60.70.943,published,,"RATIONAL ACCESSORIES (14), XS RATIONAL ACCESSORIES (9)",,
IMG/OVE/00040,top,Grilling and Roasting Platter 1/1 GN,RATIONAL,Rational Combi Steamers > Rational Oven Accessories,,Complete,,,,1,64,4,7,6,152,1,1,0,0,60.71.617,published,,"RATIONAL ACCESSORIES (14), XS RATIONAL ACCESSORIES (9)",rational-rancilio-kef-gaps-research.md,
IMG/OVE/00041,top,High Grade Grid 2/3 GN,RATIONAL,Rational Combi Steamers > Rational Oven Accessories,,Complete,,,,1,62,4,6,5,144,1,1,0,0,6010.2301,published,,"RATIONAL ACCESSORIES (14), XS RATIONAL ACCESSORIES (9)",rational-rancilio-kef-gaps-research.md;rational-research.md,
IMG/OVE/00042,top,Transport Trolley for Mobile Oven Rack,RATIONAL,Rational Combi Steamers > Rational Oven Accessories,,Complete,,,,1,74,4,4,3,149,1,1,2,0,60.22.086,draft,,"RATIONAL ACCESSORIES (14), XS RATIONAL ACCESSORIES (9)",rational-rancilio-kef-gaps-research.md,
IMG/OVE/00043,top,Mobile Plate Rack,RATIONAL,Rational Combi Steamers > Rational Oven Accessories,,Complete,,,,1,66,5,7,6,156,1,1,0,0,60.61.047,draft,,"RATIONAL ACCESSORIES (14), XS RATIONAL ACCESSORIES (9)",rational-rancilio-kef-gaps-research.md,
IMG/OVE/00047,top,Multibaker,RATIONAL,Rational Combi Steamers > Rational Oven Accessories,,Complete,,,,1,87,5,7,6,157,1,1,0,0,,published,,"RATIONAL ACCESSORIES (14), XS RATIONAL ACCESSORIES (9)",,
IMG/OVE/00049,variant,Multibaker [13-gn],RATIONAL,Rational Combi Steamers > Rational Oven Accessories,,Complete,,,,0,0,0,0,0,0,0,1,,0,60.73.764,published,,"RATIONAL ACCESSORIES (14), XS RATIONAL ACCESSORIES (9)",rational-research.md,
IMG/OVE/00048,variant,Multibaker [23-gn],RATIONAL,Rational Combi Steamers > Rational Oven Accessories,,Complete,,,,0,0,0,0,0,0,0,1,,0,60.73.646,published,,"RATIONAL ACCESSORIES (14), XS RATIONAL ACCESSORIES (9)",,
IMG/OVE/00047,variant,Multibaker [11-gn],RATIONAL,Rational Combi Steamers > Rational Oven Accessories,,Complete,,,,0,0,0,0,0,0,0,1,,0,60.71.157,published,,"RATIONAL ACCESSORIES (14), XS RATIONAL ACCESSORIES (9)",,
IMG/OVE/00051,top,Perforated Baking Tray,RATIONAL,Rational Combi Steamers > Rational Oven Accessories,,Complete,,,,1,92,5,6,5,123,1,1,0,0,,published,,"RATIONAL ACCESSORIES (14), XS RATIONAL ACCESSORIES (9)",,
IMG/OVE/00051,variant,Perforated Baking Tray [11-gn],RATIONAL,Rational Combi Steamers > Rational Oven Accessories,,Complete,,,,0,0,0,0,0,0,0,1,,0,6015.1103,published,,"RATIONAL ACCESSORIES (14), XS RATIONAL ACCESSORIES (9)",,
IMG/OVE/00050,variant,Perforated Baking Tray [bakery-standard],RATIONAL,Rational Combi Steamers > Rational Oven Accessories,,Complete,,,,0,0,0,0,0,0,0,1,,0,6015.1000,published,,"RATIONAL ACCESSORIES (14), XS RATIONAL ACCESSORIES (9)",rational-research.md,
IMG/OVE/00054,top,Potato Baker 1/1GN,RATIONAL,Rational Combi Steamers > Rational Oven Accessories,,Complete,,,,1,54,5,8,7,158,1,1,0,0,6035.1019,published,,"RATIONAL ACCESSORIES (14), XS RATIONAL ACCESSORIES (9)",rational-rancilio-kef-gaps-research.md;rational-research.md,
IMG/OVE/00055,top,Rib Grid 1/1GN,RATIONAL,Rational Combi Steamers > Rational Oven Accessories,,Complete,,,,1,65,4,7,6,152,1,1,0,0,6035.1018,published,,"RATIONAL ACCESSORIES (14), XS RATIONAL ACCESSORIES (9)",rational-rancilio-kef-gaps-research.md;rational-research.md,
IMG/OVE/00058,top,Roasting and Baking Tray,RATIONAL,Rational Combi Steamers > Rational Oven Accessories,,Complete,,,,1,70,5,7,6,157,1,1,1,0,,published,,"RATIONAL ACCESSORIES (14), XS RATIONAL ACCESSORIES (9)",rational-research.md;variant-children-gap-research.md,
IMG/OVE/00060,variant,Roasting and Baking Tray [23-gn],RATIONAL,Rational Combi Steamers > Rational Oven Accessories,,Complete,,,,0,0,0,0,0,0,0,1,,0,60.73.671,published,,"RATIONAL ACCESSORIES (14), XS RATIONAL ACCESSORIES (9)",,
IMG/OVE/00058,variant,Roasting and Baking Tray [11-gn],RATIONAL,Rational Combi Steamers > Rational Oven Accessories,,Complete,,,,0,0,0,0,0,0,0,1,,0,6013.1103,published,,"RATIONAL ACCESSORIES (14), XS RATIONAL ACCESSORIES (9)",rational-research.md;variant-children-gap-research.md,
IMG/OVE/00059,variant,Roasting and Baking Tray [21-gn],RATIONAL,Rational Combi Steamers > Rational Oven Accessories,,Complete,,,,0,0,0,0,0,0,0,1,,0,6013.2103,published,,"RATIONAL ACCESSORIES (14), XS RATIONAL ACCESSORIES (9)",rational-research.md,
IMG/OVE/00064,top,Rational SS Grid 1/1GN,RATIONAL,Rational Combi Steamers > Rational Oven Accessories,,Complete,,,,1,64,4,6,5,148,1,1,0,0,6010.1101,published,,"RATIONAL ACCESSORIES (14), XS RATIONAL ACCESSORIES (9)",rational-rancilio-kef-gaps-research.md;rational-research.md,
IMG/OVE/00108,top,PERFORATED CONTAINER 1/1 GN 55mm,RATIONAL,Rational Combi Steamers > Rational Oven Accessories,,Complete,,,,1,66,4,7,6,145,1,1,0,0,6015.1165,published,,"RATIONAL ACCESSORIES (14), XS RATIONAL ACCESSORIES (9)",rational-rancilio-kef-gaps-research.md;rational-research.md,
IMG/HYS/00237,top,Detergent Spot Remover,RIMPAR,Floor Care & Cleaning > Cleaning Chemicals,FLOOR CARE & CLEANING,Our records only,no external source published - written from our own records,,,1,62,3,4,2,118,1,0,0,0,FM180-200,archived,,,broaster-geneva-rimpar-research.md,Other spec value
IMG/HYS/00238,top,Detergent Parfum,RIMPAR,Floor Care & Cleaning > Cleaning Chemicals,FLOOR CARE & CLEANING,Our records only,no external source published - written from our own records,,,1,58,3,4,2,118,1,0,0,0,PARFUM,archived,,,broaster-geneva-rimpar-research.md,Other spec value
IMG/HYS/00239,top,Carpet Shampoo 20 Lts,RIMPAR,Floor Care & Cleaning > Cleaning Chemicals,FLOOR CARE & CLEANING,Our records only,no external source published - written from our own records,,,1,51,3,4,2,115,1,0,0,0,SHAMPOO,archived,,,broaster-geneva-rimpar-research.md,Other spec value
IMG/HYS/00271,top,Steam Cleaner,RIMPAR,Floor Care & Cleaning > Carpet Cleaning,FLOOR CARE & CLEANING,Our records only,no external source published - written from our own records,,,1,49,3,4,2,113,1,0,0,0,ECO 400,archived,,,broaster-geneva-rimpar-research.md,Other spec value
IMG/HYS/00098,top,Taski Aero 8 UK,TASKI,Floor Care & Cleaning > Vacuum Cleaners,,Complete,,,,1,119,6,19,16,151,1,1,1,1,7524255,published,,,taski-research.md,
IMG/HYS/00100,top,Taski Aero 8/15 Disp. Fleece Bags 10PC,TASKI,Floor Care & Cleaning > Filters & Bags,,Complete,,,,1,88,3,6,5,130,1,1,0,0,7524288,published,,,taski-research.md,
IMG/HYS/00101,top,Taski Aero 8/15 Filter Paper Bags 10PC,TASKI,Floor Care & Cleaning > Filters & Bags,,Complete,,,,1,82,3,5,4,131,1,1,0,0,7524289,published,,,taski-research.md,
IMG/HYS/00103,top,Taski Aero 15 Plus UK,TASKI,Floor Care & Cleaning > Vacuum Cleaners,,Complete,,,,1,114,6,19,16,149,1,1,1,1,7524258,published,,,taski-research.md,
IMG/HYS/00106,top,Taski Go UK,TASKI,Floor Care & Cleaning > Vacuum Cleaners,,Complete,,,,1,105,6,20,17,144,1,1,3,1,7524187,archived,,,taski-research.md,
IMG/HYS/00107,top,Taski Go Filter Paper Bags 10PC,TASKI,Floor Care & Cleaning > Filters & Bags,,Complete,,,,1,56,3,6,5,125,1,1,0,0,7524191,archived,,,taski-research.md,
IMG/HYS/00108,top,Taski Go Basic Accessory Set 32MM,TASKI,Floor Care & Cleaning > Hoses & Accessory Sets,,Complete,,,,1,58,3,5,4,142,1,1,0,0,7524189,archived,,,taski-research.md,
IMG/HYS/00109,top,Taski Aero BP E UK,TASKI,Floor Care & Cleaning > Vacuum Cleaners,,Complete,,,,1,145,6,15,12,156,1,1,1,1,7524495,archived,,,taski-research.md,
IMG/HYS/00110,top,Taski Aero BP B Li-Ion,TASKI,Floor Care & Cleaning > Vacuum Cleaners,,Complete,,,,1,144,6,17,14,147,1,1,1,1,7524498,published,,,taski-research.md,
IMG/HYS/00111,top,Taski Aero Telescopic Tube 32MM,TASKI,Floor Care & Cleaning > Hoses & Accessory Sets,,Complete,,,,1,74,4,6,5,137,1,1,0,0,7524295,archived,,,taski-research.md,
IMG/HYS/00112,top,Taski Aero BP Suction Hose 1.5M,TASKI,Floor Care & Cleaning > Hoses & Accessory Sets,,Complete,,,,1,66,3,5,4,136,1,0,0,0,7524502,archived,,,taski-research.md,
IMG/HYS/00113,top,Taski Aero BP Disp. Fleece Bags 10PC,TASKI,Floor Care & Cleaning > Filters & Bags,,Complete,,,,1,70,3,5,4,132,1,1,0,0,7524500,archived,,,taski-research.md,
IMG/HYS/00114,top,Taski Aero BP Motor Foam Filter,TASKI,Floor Care & Cleaning > Filters & Bags,,Complete,,,,1,74,3,5,4,132,1,0,0,0,7524501,archived,,,taski-research.md,
IMG/HYS/00118,top,Taski Vacumat 22 UK,TASKI,Floor Care & Cleaning > Vacuum Cleaners,,Complete,,,,1,138,6,16,13,157,1,1,1,1,7517929,published,,,taski-research.md,
IMG/HYS/00119,top,Set Wet Vacuum Cleaning Premium,TASKI,Floor Care & Cleaning > Hoses & Accessory Sets,,Complete,,,,1,68,3,5,4,145,1,1,0,0,8504480,published,,,taski-research.md,
IMG/HYS/00120,top,Pa of 10 Double Filter Bags,TASKI,Floor Care & Cleaning > Filters & Bags,,Complete,,,,1,59,3,5,4,140,1,1,0,0,8504940,published,,,taski-research.md,
IMG/HYS/00121,top,30014-61 Filter (10 Parts),TASKI,Floor Care & Cleaning > Filters & Bags,,Complete,,,,1,68,3,5,4,149,1,1,0,0,4091150,published,,,taski-research.md,
IMG/HYS/00124,top,Fixomat for Vacumat 44T,TASKI,Floor Care & Cleaning > Filters & Bags,,Complete,,,,1,87,4,5,4,149,1,1,0,0,8505420,published,,,taski-research.md,
IMG/HYS/00127,top,Taski Vacuum Cleaner Vacumat 44T UK,TASKI,Floor Care & Cleaning > Vacuum Cleaners,,Complete,,,,1,143,6,16,13,155,1,1,1,1,7518178,published,,,taski-research.md,
IMG/HYS/00133,top,Driving Disc Ergodisc D43,TASKI,Floor Care & Cleaning > Brushes & Pads,,Complete,,,,1,105,4,7,6,142,1,1,0,0,8504410,published,,,taski-research.md,
IMG/HYS/00134,top,Scrubbing Brush Uni 43,TASKI,Floor Care & Cleaning > Brushes & Pads,,Complete,,,,1,73,4,8,7,157,1,1,0,0,8504750,published,,,taski-research.md,
IMG/HYS/00135,top,Taski Water Tank for Ergodisc Single Disc Machines,TASKI,Floor Care & Cleaning > Hoses & Accessory Sets,,Complete,,,,1,155,5,6,5,150,1,1,0,0,8504390,published,,,taski-research.md,
IMG/HYS/00136,top,Taski Floor Scrubber Ergodisc 165 UK,TASKI,Floor Care & Cleaning > Single Disc Machines,,Complete,,,,1,149,6,17,14,156,1,1,5,1,8003820,published,,,taski-research.md,
IMG/HYS/00140,top,Taski Foam Generator FG2,TASKI,Floor Care & Cleaning > Sprayers & Foam Generators,,Complete,,,,1,142,6,11,8,156,1,1,0,1,FG2,published,,,taski-research.md,
IMG/HYS/00141,top,Shampooing Brush Dry D43,TASKI,Floor Care & Cleaning > Brushes & Pads,,Complete,,,,1,86,5,7,6,157,1,1,0,0,8504830,published,,,taski-research.md,
IMG/HYS/00142,top,Shampooing Brush Wet D43,TASKI,Floor Care & Cleaning > Brushes & Pads,,Complete,,,,1,66,4,7,6,154,1,1,0,0,8504860,published,,,taski-research.md,
IMG/HYS/00143,top,Hand Shampooing Set,TASKI,Floor Care & Cleaning > Hoses & Accessory Sets,,Complete,,,,1,78,4,5,4,152,1,1,0,0,8505010,published,,,taski-research.md,
IMG/HYS/00148,top,Taski Ergodisc Duo,TASKI,Floor Care & Cleaning > Single Disc Machines,,Complete,,,,1,137,6,16,13,149,1,1,1,1,8003990,published,,,taski-research.md,
IMG/HYS/00152,top,High-Speed Driving Disc 43/01,TASKI,Floor Care & Cleaning > Brushes & Pads,,Complete,,,,1,86,3,7,6,149,1,1,0,0,7510030,published,,,taski-research.md,
IMG/HYS/00160,top,Pad Driver 43CM,TASKI,Floor Care & Cleaning > Brushes & Pads,,Complete,,,,1,97,3,6,5,147,1,1,0,0,7510829,published,,,taski-research.md,
IMG/HYS/00170,top,Taski Sprayer BP 15 Li-Ion,TASKI,Floor Care & Cleaning > Sprayers & Foam Generators,,Complete,,,,1,146,6,16,13,135,1,1,2,1,7524819,archived,,,taski-research.md,
IMG/HYS/00172,top,Accessories Set Aquamat 20/PROCARPET,TASKI,Floor Care & Cleaning > Hoses & Accessory Sets,,Complete,,,,1,73,3,6,5,154,1,1,0,0,8505160,published,,,taski-research.md,
IMG/HYS/00218,top,Kit Dry Vacuum Cleaning Vacuum 22,TASKI,Floor Care & Cleaning > Hoses & Accessory Sets,,Complete,,,,1,75,3,4,3,142,1,1,0,0,8504930,published,,,taski-research.md,
IMG/HYS/00226,top,Scrubbing Brush Abrasive 43,TASKI,Floor Care & Cleaning > Brushes & Pads,,Complete,,,,1,109,5,5,3,148,1,1,0,0,,archived,,,taski-research.md,
IMG/HYS/00228,top,Taski Aquamat 20.01 UK,TASKI,Floor Care & Cleaning > Carpet Cleaning,,Complete,,,,1,156,6,16,13,152,1,1,0,1,8003470,published,,,taski-research.md,
IMG/HYS/00229,top,Filter Cloth with Ring for Vacumat 44T,TASKI,Floor Care & Cleaning > Filters & Bags,FLOOR CARE & CLEANING,"Data on file, not yet listed",The TASKI Vacumat accessory sheet is on file; the listing text has not been written from it yet.,,,0,0,0,0,0,0,1,1,0,0,,archived,,,taski-research.md,Other spec value
IMG/HYS/00230,top,Accessories Set for Aquamat 10.1,TASKI,Floor Care & Cleaning > Hoses & Accessory Sets,FLOOR CARE & CLEANING,No supplier data,The contents of the Aquamat 10.1 accessory set are not published.,,,0,0,0,0,0,0,1,1,0,0,,draft,,,taski-research.md,Other spec value
IMG/HYS/00240,top,Set of Dry Vacuums Taski Vacumat 12,TASKI,Floor Care & Cleaning > Hoses & Accessory Sets,FLOOR CARE & CLEANING,Complete,,thin listing,2,1,62,3,4,3,120,1,1,0,0,8504500,archived,,,taski-research.md,
IMG/HYS/00248,top,Taski Swingo 250 Micro,TASKI,Floor Care & Cleaning > Scrubber Dryers,,Complete,,,,1,147,6,20,17,149,1,1,6,1,7524889,published,,,taski-research.md,
IMG/HYS/00249,top,Pad Driver 28CM,TASKI,Floor Care & Cleaning > Brushes & Pads,,Complete,,,,1,55,3,6,5,152,1,1,0,0,7510634,published,,,taski-research.md,
IMG/HYS/00250,top,Scrubbing Brush 28,TASKI,Floor Care & Cleaning > Brushes & Pads,,Complete,,,,1,62,3,7,6,153,1,1,0,0,7519395,archived,,,taski-research.md,
IMG/HYS/00251,top,"BATTERY TRACTION 6V, 180Ah/5",TASKI,Floor Care & Cleaning > Batteries & Chargers,,Complete,,,,1,110,4,8,7,154,1,1,0,0,7514962,published,,,taski-research.md,
IMG/HYS/00252,top,Taski Balimat 45 Sweeper,TASKI,Floor Care & Cleaning > Sweepers,,Complete,,,,1,142,6,9,6,153,1,1,0,1,8004690,archived,,,taski-research.md,
IMG/HYS/00253,top,Taski Balimat 3300 RTU Sweeper,TASKI,Floor Care & Cleaning > Sweepers,,Complete,,,,1,121,6,17,14,159,1,1,7,1,7524906,published,,,taski-research.md,
IMG/HYS/00254,top,BATTERY TRACTION BLOCK 12V 76Ah/5,TASKI,Floor Care & Cleaning > Batteries & Chargers,,Complete,,,,1,108,4,7,6,130,1,1,0,0,7520152,published,,,taski-research.md,
IMG/HYS/00255,top,Center Broom B3300,TASKI,Floor Care & Cleaning > Brushes & Pads,,Complete,,,,1,81,3,6,5,144,1,1,1,0,7524909,published,,,taski-research.md,
IMG/HYS/00256,top,Side Broom B3300,TASKI,Floor Care & Cleaning > Brushes & Pads,,Complete,,,,1,81,3,6,5,141,1,1,0,0,7524910,published,,,taski-research.md,
IMG/HYS/00257,top,Brush 225MM 2PC,TASKI,Floor Care & Cleaning > Brushes & Pads,,Complete,,,,1,57,3,6,5,135,1,1,0,0,7524893,published,,,taski-research.md,
IMG/HYS/00258,top,Disc Drive 225MM 2PC,TASKI,Floor Care & Cleaning > Brushes & Pads,,Complete,,,,1,65,4,6,5,141,1,1,0,0,7524894,published,,,taski-research.md,
IMG/HYS/00259,top,NX LI-ON BATTERY 37V 8100M 8.1 Ah,TASKI,Floor Care & Cleaning > Batteries & Chargers,,Complete,,,,1,77,6,9,8,136,1,1,0,0,7524891,published,,,taski-research.md,
IMG/HYS/00260,top,NX Charger 100-240V/50/60HZ,TASKI,Floor Care & Cleaning > Batteries & Chargers,,Complete,,,,1,97,3,7,6,135,1,1,0,0,7524892,published,,,taski-research.md,
IMG/HYS/00261,top,Taski Swingo 2100 Micro BMS UK,TASKI,Floor Care & Cleaning > Scrubber Dryers,,Complete,,,,1,141,6,21,18,153,1,1,0,1,7523422,archived,,,taski-research.md,
IMG/STO/00001,top,PVC Shelves 910 Cambro,CAMBRO,Storage & Food Transport > Shelving & Racking,STORAGE & FOOD TRANSPORT,Complete,,thin listing,9,0,0,9,0,0,0,1,1,2,1,CB4213672V4580,published,,CAMBRO (1),cambro-research.md,
IMG/STO/00005,top,Chrome Wire Shelving 1220,OEM SHEFFIELD,Storage & Food Transport > Shelving & Racking,,Complete,,,,1,18,3,4,1,107,1,1,0,1,JW-N4821,published,,"GUANGZHOU (8), HY (2), KASSIDYxx (2), ELABORATEXxx (2)",oem-sheffield-research.md,
IMG/STO/00007,top,PVC Shelves Vented 1060 Perfect,OEM SHEFFIELD,Storage & Food Transport > Shelving & Racking,,Complete,,,,1,19,3,4,1,113,1,1,0,1,JW-P4221,published,,"GUANGZHOU (8), HY (2), KASSIDYxx (2), ELABORATEXxx (2)",cambro-research.md;oem-sheffield-research.md,
IMG/STO/00008,top,PVC Shelves Vented 1220 Perfect,OEM SHEFFIELD,Storage & Food Transport > Shelving & Racking,,Complete,,,,1,19,3,4,1,113,1,1,0,1,JW-P4821,published,,"GUANGZHOU (8), HY (2), KASSIDYxx (2), ELABORATEXxx (2)",oem-sheffield-research.md,
IMG/STO/00009,top,PVC Shelves Vented 910 Perfect,OEM SHEFFIELD,Storage & Food Transport > Shelving & Racking,,Complete,,,,1,19,3,4,1,111,1,1,0,1,JW-P3621,published,,"GUANGZHOU (8), HY (2), KASSIDYxx (2), ELABORATEXxx (2)",house-brand-suppliers-research.md;oem-sheffield-research.md,
IMG/STO/00011,top,Dining Carts SS 2 Tier,HK-REDLINE,Storage & Food Transport > Trolleys & Carts,STORAGE & FOOD TRANSPORT,Complete,,thin listing,2,1,18,2,3,0,84,1,1,0,1,HK-DC-M2A,published,,"H KITCHEN (43), KASSIDYxx (2)",hk-redline-research.md,
IMG/STO/00012,top,Dining Carts SS 3 Tier,HK-REDLINE,Storage & Food Transport > Trolleys & Carts,STORAGE & FOOD TRANSPORT,Complete,,thin listing,2,1,18,2,3,0,84,1,1,0,1,HK-DC-M3A,published,,"H KITCHEN (43), KASSIDYxx (2)",hk-redline-research.md,
IMG/STO/00013,top,Trolley for Dish Washer Rack H Kitchen,HK-REDLINE,Storage & Food Transport > Trolleys & Carts,STORAGE & FOOD TRANSPORT,Complete,,thin listing,2,1,18,2,3,0,90,1,0,0,1,HK-113103,draft,,"H KITCHEN (43), KASSIDYxx (2)",hk-redline-research.md,
IMG/TCW/00355,top,Stock Pot 17 Litres EI2828,KITCHENWARE,Kitchen Smalls > Pots & Pans,KITCHEN SMALLS,Complete,,thin listing,1,1,18,1,4,1,103,1,1,0,1,SDI2828,published,,WANHUI (4),kitchenware-research.md,
IMG/TCW/00363,top,Stock Pot 12 Litres EI2525,WANHUI,Kitchen Smalls > Pots & Pans,KITCHEN SMALLS,No supplier data,no source located - no description and no specification table,,,0,0,0,0,0,0,1,1,0,0,SDI2525,published,,,kitchenware-research.md;oem-placeholder-brands-research.md,Nothing published
IMG/TCW/00368,top,Stock Pot 36 Litres EI3636,KITCHENWARE,Kitchen Smalls > Pots & Pans,KITCHEN SMALLS,Complete,,thin listing,1,1,18,1,4,1,103,1,1,0,1,SDI3636,published,,WANHUI (4),kitchenware-research.md,
IMG/TCW/00386,top,Stock Pot 12 Litres CSP 2525,KITCHENWARE,Kitchen Smalls > Pots & Pans,KITCHEN SMALLS,Complete,,thin listing,1,1,18,1,4,1,97,1,1,0,1,CSP 2525,published,,WANHUI (4),kitchenware-research.md;oem-placeholder-brands-research.md,
IMG/TCW/00388,top,Stock Pot 71 Litres CSP 4545,KITCHENWARE,Kitchen Smalls > Pots & Pans,KITCHEN SMALLS,Complete,,thin listing,1,1,19,1,4,1,105,1,1,0,1,SDI4545,published,,WANHUI (4),kitchenware-research.md,
IMG/TCW/00389,top,Stock Pot 50 Litres CSP 4040,KITCHENWARE,Kitchen Smalls > Pots & Pans,KITCHEN SMALLS,Complete,,thin listing,1,1,19,1,4,1,105,1,1,0,1,SDI4040,published,,WANHUI (4),kitchenware-research.md,
IMG/TCW/00354,top,High Sauce Pan 10 Litres E22816,KITCHENWARE,Kitchen Smalls > Pots & Pans,KITCHEN SMALLS,Complete,,thin listing,1,1,19,1,4,1,108,1,1,0,1,SD22816,published,,WANHUI (4),kitchenware-research.md,
IMG/TCW/00357,top,High Sauce Pan 6.5 Litres E22414,KITCHENWARE,Kitchen Smalls > Pots & Pans,KITCHEN SMALLS,Complete,,thin listing,1,1,19,1,4,1,109,1,1,0,1,SD22414,published,,WANHUI (4),kitchenware-research.md,
IMG/TCW/00382,top,High Sauce Pan 4 Litres,KITCHENWARE,Kitchen Smalls > Pots & Pans,,Complete,,,,1,18,2,4,1,100,1,1,0,1,SD22013,published,,WANHUI (4),kitchenware-research.md,
IMG/TCW/00519,top,High Sauce Pan 8.5 Litres SS 25X18,KITCHENWARE,Kitchen Smalls > Pots & Pans,KITCHEN SMALLS,Complete,,thin listing,1,1,20,1,4,1,111,1,1,0,1,SDI2518,published,,WANHUI (4),kitchenware-research.md,
IMG/TCW/00520,top,High Sauce Pan 18 Litres SS 32X22,KITCHENWARE,Kitchen Smalls > Pots & Pans,KITCHEN SMALLS,Complete,,thin listing,1,1,20,1,4,1,110,1,1,0,1,SDI3222,published,,WANHUI (4),kitchenware-research.md,
IMG/TCW/00006,top,Casserole High Andyman 58122,ANDYMAN,Kitchen Smalls > Pots & Pans,KITCHEN SMALLS,No supplier data,no source located - no description and no specification table,,,0,0,0,0,0,0,1,0,0,0,58122,archived,,,oem-placeholder-brands-research.md,Nothing published
IMG/TCW/00366,top,Casserole 24 Litres E13624,WANHUI,Kitchen Smalls > Pots & Pans,KITCHEN SMALLS,No supplier data,no source located - no description and no specification table,,,0,0,0,0,0,0,1,1,0,0,SDI3624,published,,,kitchenware-research.md;oem-placeholder-brands-research.md,Nothing published
IMG/HOT/00167,top,Pressure Cooker 16 Litres SSPC-16,STEELOLOGY,Kitchen Smalls > Pressure Cookers,,Complete,,,,1,72,4,6,3,140,1,1,0,0,SSPC-16,published,,H KITCHEN (1),broaster-geneva-rimpar-research.md;hk-redline-research.md,
IMG/HOT/00168,top,Pressure Cooker 25 Litres H Kitchen SSPC-25,HK-REDLINE,Kitchen Smalls > Pressure Cookers,KITCHEN SMALLS,Complete,,thin listing,0,1,17,1,3,0,85,1,1,0,0,SSPC-25,published,,"H KITCHEN (43), KASSIDYxx (2)",broaster-geneva-rimpar-research.md;hk-redline-research.md,
IMG/HOT/00169,top,Pressure Cooker 40 Litres,GENEVA,Kitchen Smalls > Pressure Cookers,KITCHEN SMALLS,Sources disagree,Our listing says stainless steel; the Time Saver source lists this cooker as aluminium. Confirm the material before quoting.,,,0,0,1,0,0,0,1,1,0,0,SSPC-40,published,H KITCHEN / H-KITCHEN `SSPC-40 (exact),H KITCHEN (2),broaster-geneva-rimpar-research.md;hk-redline-research.md,Capacity / material
IMG/HOT/00170,top,Pressure Cooker 60 Litres,GENEVA,Kitchen Smalls > Pressure Cookers,KITCHEN SMALLS,Sources disagree,Our listing says stainless steel; the Time Saver source lists this cooker as aluminium. It is also illustrated by the 40 litre unit.,,,0,0,1,0,0,0,1,1,0,0,SSPC-60,published,H KITCHEN / H-KITCHEN `SSPC-60 (exact),H KITCHEN (2),broaster-geneva-rimpar-research.md;hk-redline-research.md,Capacity / material
IMG/COF/00041,top,Cappuccino Machine Silvia,RANCILIO,Coffee Machines > Semi Automatic,,Complete,,,,1,61,7,18,15,150,1,1,3,1,SILVIA,published,,RANCILIO (6),rancilio-research.md;rational-rancilio-kef-gaps-research.md,
IMG/COF/00079,top,Cappuccino Machine Silvia Pro,RANCILIO,Coffee Machines > Semi Automatic,,Complete,,,,1,158,6,22,19,128,1,1,3,1,SILVIA PRO,published,,RANCILIO (6),rancilio-research.md;rational-rancilio-kef-gaps-research.md,
IMG/COF/00035,top,Espresso Machine Class 5S GR1,RANCILIO,Coffee Machines > Semi Automatic,,Complete,,,,1,164,6,19,16,157,1,1,2,1,CLASS 5S GR 1,published,,RANCILIO (6),rancilio-research.md;rational-rancilio-kef-gaps-research.md,
IMG/COF/00036,top,Espresso Machine Class 5ST GR1,RANCILIO,Coffee Machines > Semi Automatic,,Complete,,,,1,165,6,18,15,154,1,1,2,1,CLASS 5ST GR 1,published,,RANCILIO (6),rancilio-research.md;rational-rancilio-kef-gaps-research.md,
IMG/COF/00037,top,Espresso Machine Class 5S GR2 Black,RANCILIO,Coffee Machines > Semi Automatic,,Complete,,,,1,146,6,18,15,143,1,1,4,1,CLASS 5S GR 2,published,,RANCILIO (6),rancilio-research.md;rational-rancilio-kef-gaps-research.md,
IMG/COF/00038,top,Espresso Machine Class 5S GR2 White,RANCILIO,Coffee Machines > Semi Automatic,,Complete,,,,1,146,6,18,15,148,1,1,5,1,CLASS 5S GR 2,published,,RANCILIO (6),rancilio-research.md;rational-rancilio-kef-gaps-research.md,
IMG/COF/00039,top,Espresso Machine Class 7S GR3,RANCILIO,Coffee Machines > Semi Automatic,,Complete,,,,1,137,6,18,15,157,1,1,4,1,CLASS 7S GR 3,published,,RANCILIO (6),rancilio-research.md;rational-rancilio-kef-gaps-research.md,
IMG/COF/00048,top,Water Softeners DP2,RANCILIO,Coffee Machines > Semi Automatic > Semi Automatic Accessories,,Complete,,,,1,146,5,13,10,131,1,1,1,1,IV8,published,,RANCILIO (6),rancilio-research.md;rational-rancilio-kef-gaps-research.md,
IMS/MEC/00303,top,Coffee Tamper Stainless Steel,RANCILIO,Coffee Machines > Semi Automatic > Semi Automatic Accessories,,Complete,,,,1,130,5,12,9,127,1,1,0,0,STAINLESS STEEL,published,,RANCILIO (6),rancilio-research.md;rational-rancilio-kef-gaps-research.md,
IMS/MEC/00469,top,Coffee Tamper PVC,RANCILIO,Coffee Machines > Semi Automatic > Semi Automatic Accessories,,Complete,,,,1,122,6,9,6,160,1,1,0,0,PVC,published,,RANCILIO (6),rancilio-research.md;rational-rancilio-kef-gaps-research.md,
IMG/COF/00135,top,Automatic Coffee Grinder Kryo 65 OD,RANCILIO,Coffee Machines > Coffee Grinders,,Complete,,,,1,140,6,20,17,149,1,1,2,1,KRYO 65 OD,published,,RANCILIO (6),rancilio-research.md;rational-rancilio-kef-gaps-research.md,
IMG/COF/00043,top,Coffee Grinder Kryo 65 St,RANCILIO,Coffee Machines > Coffee Grinders,,Complete,,,,1,150,6,18,15,141,1,1,4,1,KRYO 65 ST,published,,RANCILIO (6),rancilio-research.md;rational-rancilio-kef-gaps-research.md,
IMG/COF/00044,top,Coffee Grinder Rocky,RANCILIO,Coffee Machines > Coffee Grinders,,Complete,,,,1,137,6,17,14,130,1,1,1,1,ROCKY,published,,RANCILIO (6),rancilio-research.md;rational-rancilio-kef-gaps-research.md,
IMG/COF/00128,top,Rancilio Rocky Doser Nero Black,RANCILIO,Coffee Machines > Coffee Grinders,,Complete,,,,1,121,6,16,13,159,1,1,1,0,ROCKY,draft,,RANCILIO (6),antunes-research.md;rancilio-research.md,
IMG/COF/00099,top,Automatic Coffee Machine F11 Big,DR. COFFEE,Coffee Machines > Automatic,,Complete,,,,1,94,6,15,12,156,1,1,1,1,F11 BIG,published,,,dr-coffee-research.md,
IMG/COF/00096,top,Automatic Coffee Machine Minibar,DR. COFFEE,Coffee Machines > Automatic,,Complete,,,,1,98,6,16,13,154,1,1,2,1,MINIBAR,published,,,dr-coffee-research.md,
IMG/COF/00054,top,Espresso Machine Microbar II Simonelli,SIMONELLI,Coffee Machines > Automatic,,Complete,,,,1,125,6,11,8,149,1,1,0,1,MICROBAR II,published,,SIMONELLI (1),antunes-research.md;six-single-sku-brands-research.md,
IMG/COF/00073,top,Automatic Coffee Machine Fab 100,KALERM,Coffee Machines > Automatic,,Complete,,,,1,134,6,17,14,160,1,1,1,1,K90L BGS,published,,,antunes-research.md;kalerm-research.md,
IMG/COF/00074,top,Automatic Coffee Machine Fas 100,KALERM,Coffee Machines > Automatic,,Complete,,,,1,137,6,18,16,148,1,1,1,1,K95L EBGS,published,,,antunes-research.md;kalerm-research.md,
IMG/COF/00072,top,Automatic Coffee Machine FAB50,KALERM,Coffee Machines > Automatic,,Complete,,,,1,127,6,15,12,157,1,1,0,1,FAB 50,published,,,antunes-research.md;kalerm-research.md,
IMG/COF/00071,top,Automatic Coffee Machine Fao 30,KALERM,Coffee Machines > Automatic,,Complete,,,,1,121,6,15,12,156,1,1,2,1,FAO 30,published,,,antunes-research.md;dr-coffee-research.md,
IMG/COF/00097,top,Milk Fridge SC15,DR. COFFEE,Coffee Machines > Automatic > Automatic Accessories,COFFEE MACHINES,Sources disagree,record carries the SC10 sibling figures (65 W / 10 L),,,1,95,5,10,6,155,1,1,0,1,SC15,published,,,dr-coffee-research.md;kalerm-research.md,Other spec value
IMG/COF/00047,top,Milk Fridge Egro Zero MAEA03,RANCILIO,Coffee Machines > Automatic > Automatic Accessories,,Complete,,,,1,124,5,12,10,129,1,1,1,1,MAEA03,draft,,RANCILIO (6),antunes-research.md;kalerm-research.md,
IMG/COF/00033,top,Coffee Brewer with Coffee Filter,PRADEEP,Coffee Machines > Coffee Brewers,,Complete,,,,1,94,5,9,7,136,1,1,0,0,9230,published,,PRADEEP (1),pradeep-research.md,
IMG/COF/00008,top,Decanter 1.8 Litres CREM,CREM,Coffee Machines > Coffee Brewers,,Complete,,,,1,120,6,8,6,133,1,1,0,0,110001,published,,CREM (8),crem-research.md,
IMG/COF/00105,top,Coffee Brewer Single Cater FLC 250,KEF,Coffee Machines > Coffee Brewers,,Complete,,,,1,120,6,12,10,160,1,1,1,1,FLC 250,published,,,kef-research.md;rational-rancilio-kef-gaps-research.md,
IMG/COF/00103,top,Coffee Brewer with 1 Decanter FLT120 Black,KEF,Coffee Machines > Coffee Brewers,COFFEE MACHINES,Sources disagree,B7. Two model numbers disagree between the workbook and products.json,,,1,127,6,14,12,131,1,1,0,1,FLT120 BLACK,published,,,kef-research.md;rational-rancilio-kef-gaps-research.md,Model code / identity
IMG/COF/00104,top,Coffee Brewer with 2 Decanter FLT120-2 Inox,KEF,Coffee Machines > Coffee Brewers,COFFEE MACHINES,Sources disagree,B7. Two model numbers disagree between the workbook and products.json,,,1,112,6,11,9,129,1,1,0,1,FLT120-2 INOX,published,,,kef-research.md;rational-rancilio-kef-gaps-research.md,Model code / identity
IMG/COF/00101,top,Decanter 1.8 Litres KEF,KEF,Coffee Machines > Coffee Brewers,,Complete,,,,1,114,6,8,6,153,1,1,0,0,CMP-2,published,,,crem-research.md;kef-research.md,
IMG/COF/00139,top,Commercial Coffee Brewer GW-386-BD2 (RB-386) Goodwill,GOODWILL,Coffee Machines > Coffee Brewers,,Complete,,,,1,51,10,16,14,106,1,1,2,1,GW-386-BD2 (RB-386),published,,,goodwill-research.md,
IMG/COF/00140,top,Commercial Coffee Brewer GW-386-B (RV-386) Goodwill,GOODWILL,Coffee Machines > Coffee Brewers,,Complete,,,,1,84,10,15,13,94,1,1,2,1,GW-386-B (RV-386),published,,,goodwill-research.md,
IMG/COF/00141,top,Commercial Coffee Brewer GW-FRP286-BV (FRP-286BV) Goodwill,GOODWILL,Coffee Machines > Coffee Brewers,COFFEE MACHINES,Sources disagree,VEVOR's drawing and its own spec row disagree,,,1,81,8,15,13,99,1,1,2,1,GW-FRP286-BV (FRP-286BV),published,,,goodwill-research.md,Other spec value
IMS/FIT/00992,top,Coffee Filter Papers 90/250,KEF,Coffee Machines > Coffee Brewers,,Complete,,,,1,118,6,8,6,129,1,1,0,0,FK925,published,,,kef-research.md;rational-rancilio-kef-gaps-research.md,
IMG/COF/00011,top,Air Pot with Sight Gauge,CREM,Coffee Machines > Coffee Servery,COFFEE MACHINES,Sources disagree,kaffe-rep 160x412x200 vs Parts Town 140x140x400,,,1,128,6,8,6,150,1,1,1,1,1103184,published,CREM / CREM `1103184 (exact),CREM (8),crem-research.md,Dimensions
IMG/COF/00009,top,Serving Station 2.5 Litres,CREM,Coffee Machines > Coffee Servery,COFFEE MACHINES,Sources disagree,three sources give three different sizes,,,1,124,6,10,8,131,1,1,0,1,1103303,published,CREM / CREM `1103303 (exact),CREM (8),crem-research.md,Other spec value
IMG/COF/00010,top,Serving Station 5 Litres,CREM,Coffee Machines > Coffee Servery,COFFEE MACHINES,Sources disagree,same conflict as the 2.5 L serving station,,,1,133,6,10,8,133,1,1,0,1,1103302,published,CREM / CREM `1103302 (exact),CREM (8),crem-research.md,Other spec value
IMG/COF/00133,top,Cup Dispenser DAC-05,ANTUNES,Coffee Machines > Coffee Servery,,Complete,,,,1,106,6,14,11,146,1,0,0,1,9900305,draft,,,antunes-research.md,
IMG/REF/00081,top,Ice Cube Machine CB-249A Brema,BREMA,Ice & Ice Cream Machines > Ice Cube Machines,,Complete,,,,1,89,6,13,10,159,1,1,1,1,CB 249A HC,published,,BREMA (3),brema-research.md,
IMG/REF/00082,top,Ice Cube Machine CB-416A Brema,BREMA,Ice & Ice Cream Machines > Ice Cube Machines,,Complete,,,,1,91,6,14,11,159,1,1,2,1,CB 416A HC,published,,BREMA (3),brema-research.md,
IMG/REF/00154,top,Ice Cube Machine CB-640A Brema,BREMA,Ice & Ice Cream Machines > Ice Cube Machines,,Complete,,,,1,97,6,14,11,160,1,1,2,1,CB 640A HC,published,,BREMA (3),brema-research.md,
IMG/REF/00181,top,Ice Cube Machine CB 955A HC Brema,BREMA,Ice & Ice Cream Machines > Ice Cube Machines,,Complete,,,,1,105,6,15,12,155,1,1,2,1,CB 955A HC,published,,BREMA (3),brema-research.md,
IMG/REF/00076,top,Ice Cube Machine CB-1565A Brema,BREMA,Ice & Ice Cream Machines > Ice Cube Machines,,Complete,,,,1,90,6,13,10,141,1,1,0,1,CB 1565A HC,draft,,BREMA (3),brema-research.md,
IMG/REF/00022,top,Ice Cube Machine ZBJ-40P Iberna,OEM SHEFFIELD,Ice & Ice Cream Machines > Ice Cube Machines,ICE & ICE CREAM MACHINES,Sources disagree,"no 895 mm tall 40 kg machine exists, stored height wrong",,,1,18,1,4,1,102,1,1,2,1,ZBJ-40P,published,,"GUANGZHOU (8), HY (2), KASSIDYxx (2), ELABORATEXxx (2)",iberna-research.md;oem-sheffield-research.md,Dimensions
IMG/REF/00021,top,Ice Cube Machine ZBJ-60P Iberna,OEM SHEFFIELD,Ice & Ice Cream Machines > Ice Cube Machines,,Complete,,,,1,116,5,10,7,138,1,1,1,1,ZBJ-60P,published,,"GUANGZHOU (8), HY (2), KASSIDYxx (2), ELABORATEXxx (2)",iberna-research.md;oem-sheffield-research.md,
IMG/REF/00209,top,Ice Cube Machine ZBJ-80P Iberna,OEM SHEFFIELD,Ice & Ice Cream Machines > Ice Cube Machines,,Complete,,,,1,113,5,9,6,132,1,1,0,1,ZBJ-80PA,published,,"GUANGZHOU (8), HY (2), KASSIDYxx (2), ELABORATEXxx (2)",iberna-research.md;oem-sheffield-research.md,
IMG/REF/00020,top,Ice Cube Machine ZBJ-100L Iberna,OEM SHEFFIELD,Ice & Ice Cream Machines > Ice Cube Machines,,Complete,,,,1,159,5,9,6,137,1,1,1,1,ZBJ-100L,published,,"GUANGZHOU (8), HY (2), KASSIDYxx (2), ELABORATEXxx (2)",iberna-research.md;oem-sheffield-research.md,
IMG/REF/00019,top,Ice Cube Machine ZBJ-150P Iberna,OEM SHEFFIELD,Ice & Ice Cream Machines > Ice Cube Machines,ICE & ICE CREAM MACHINES,Sources disagree,"SAP figure is the head unit only, not the split machine",,,1,19,1,4,1,112,1,1,0,1,ZBJ-150L,published,,"GUANGZHOU (8), HY (2), KASSIDYxx (2), ELABORATEXxx (2)",iberna-research.md;oem-sheffield-research.md,Other spec value
IMG/REF/00210,top,Ice Cube Machine ZBJ-250P Iberna,OEM SHEFFIELD,Ice & Ice Cream Machines > Ice Cube Machines,,Complete,,,,1,115,5,9,6,133,1,1,0,1,ZBJ-250L,published,,"GUANGZHOU (8), HY (2), KASSIDYxx (2), ELABORATEXxx (2)",iberna-research.md;oem-sheffield-research.md,
IMG/ICE/00017,top,Ice Cream Machine Table Top S110F,PASMO,Ice & Ice Cream Machines > Soft Serve & Gelato Machines,,Complete,,,,1,69,6,13,10,135,1,1,2,1,S110F,published,,PASMO (3),pasmo-research.md,
IMG/ICE/00018,top,Ice Cream Machine Free Standing S520F,PASMO,Ice & Ice Cream Machines > Soft Serve & Gelato Machines,,Complete,,,,1,75,6,14,11,156,1,1,2,1,S520F,published,,PASMO (3),pasmo-research.md,
IMG/ICE/00029,top,Ice Cream Machine Table Top S230F,PASMO,Ice & Ice Cream Machines > Soft Serve & Gelato Machines,,Complete,,,,1,67,6,16,13,143,1,1,2,1,S230F,published,,PASMO (3),pasmo-research.md,
IMG/ICE/00026,top,Turbomix Vertical Blender,CARPIGIANI,Ice & Ice Cream Machines > Gelato Accessories,,Complete,,,,1,92,6,9,6,131,1,1,2,1,Turbomix,published,,CARPIGIANI (1),carpigiani-research.md,
IMG/ICE/00027,top,Ice Cream Machine Maestro 2 HCD,CARPIGIANI,Ice & Ice Cream Machines > Soft Serve & Gelato Machines,,Complete,,,,1,96,6,12,9,122,1,1,0,1,MAESTRO 2 HCD,published,,CARPIGIANI (1),carpigiani-research.md,
IMG/ICE/00028,top,Pastomaster 60 RTX Batch Pasteuriser,CARPIGIANI,Ice & Ice Cream Machines > Batch Pasteurisers,,Complete,,,,1,85,6,12,9,133,1,1,0,1,PASTOMASTER 60 RTX,published,,CARPIGIANI (1),carpigiani-research.md,
IMG/DWW/00085,top,Dish Washer Hood PC-09,COMENDA,Dishwashers > Hood Type Dishwashers,,Complete,,,,1,116,6,20,17,144,1,1,1,1,PC-09,published,,COMENDA (2),comenda-research.md,
IMG/DWW/00093,top,Dish Washer Hood Type PC 07,COMENDA,Dishwashers > Hood Type Dishwashers,,Complete,,,,1,120,6,20,17,150,1,1,1,1,PC 07,published,,COMENDA (2),comenda-research.md,
IMG/DWW/00158,top,Dish Washer Hood Type EC44,COMENDA,Dishwashers > Hood Type Dishwashers,,Complete,,,,1,108,6,20,17,156,1,1,0,1,EC44,published,,COMENDA (2),comenda-research.md,
IMG/DWW/00159,top,Dish Washer Undercounter EF36M,COMENDA,Dishwashers > Under Counter Dishwashers,,Complete,,,,1,121,6,20,17,130,1,1,1,1,EF36M,published,,COMENDA (2),comenda-research.md,
IMG/DWW/00160,top,Glass Washer Undercounter EB28,COMENDA,Dishwashers > Glass Washers,,Complete,,,,1,110,6,21,18,141,1,1,0,1,EB28,published,,COMENDA (2),comenda-research.md,
IMG/DWW/00151,top,Under Counter Dishwasher Hattons,Hatton,Dishwashers > Under Counter Dishwashers,,Complete,,,,1,112,6,16,13,159,1,1,1,1,HT-T2,published,,,hatton-research.md,
IMG/DWW/00032,top,Cutlery Rack 8 Compartment,COMENDA,Dishwashers > Dishwasher Racks,,Complete,,,,1,106,4,7,5,143,1,1,2,1,N/A,archived,,COMENDA (2),comenda-research.md,
IMG/DWW/00033,top,Dish Wash Rack 400MM,COMENDA,Dishwashers > Dishwasher Racks,,Complete,,,,1,96,4,6,4,140,1,1,1,0,N/A,published,,COMENDA (2),comenda-research.md,
IMG/DWW/00040,top,Glass Rack Extender 16 Compartment,OEM SHEFFIELD,Dishwashers > Dishwasher Racks,,Complete,,,,1,132,5,7,3,141,1,1,2,1,JW-162,published,,"GUANGZHOU (8), HY (2), KASSIDYxx (2), ELABORATEXxx (2)",oem-sheffield-research.md,
IMG/DWW/00043,top,Glass Rack Extender 25 Compartment,OEM SHEFFIELD,Dishwashers > Dishwasher Racks,DISHWASHERS,Sources disagree,"JIWINS gives 500x500x45, we store 500/500/100",,,1,19,2,5,2,112,1,1,2,1,JW-253,published,GUANGZHOU / Guangzoh `JW-25 (near),"GUANGZHOU (8), HY (2), KASSIDYxx (2), ELABORATEXxx (2)",oem-sheffield-research.md,Dimensions
IMG/DWW/00071,top,Glass Rack 16 Compartments with 1 Extender,KAYALAR,Dishwashers > Dishwasher Racks,,Complete,,,,1,151,6,10,8,141,1,0,0,0,153114021,archived,,KAYALARxx (4),systematic-kayalar-research.md,
IMG/DWW/00072,top,Glass Rack 36 Compartments with 2 Extender,KAYALAR,Dishwashers > Dishwasher Racks,,Complete,,,,1,166,6,10,8,142,1,0,0,0,153114030,archived,,KAYALARxx (4),systematic-kayalar-research.md,
IMG/DWW/00073,top,Glass Rack 16 Compartments with 2 Extender,KAYALAR,Dishwashers > Dishwasher Racks,,Complete,,,,1,151,6,10,8,142,1,0,0,1,153114022,archived,,KAYALARxx (4),systematic-kayalar-research.md,
IMG/DWW/00074,top,Glass Rack 49 Compartments with 1 Extender,KAYALAR,Dishwashers > Dishwasher Racks,,Complete,,,,1,153,6,10,8,141,1,0,0,0,153114033,archived,,KAYALARxx (4),systematic-kayalar-research.md,
IMG/DWW/00075,top,Glass Rack 49 Compartments with 2 Extender,KAYALAR,Dishwashers > Dishwasher Racks,,Complete,,,,1,153,6,10,8,142,1,0,0,0,KAY 37,archived,,KAYALARxx (4),systematic-kayalar-research.md,
IMG/DWW/00097,top,Plate Rack 64 Compartment JW-64B,OEM SHEFFIELD,Dishwashers > Dishwasher Racks,DISHWASHERS,Sources disagree,"colour: the spec says Blue, the SAP remark said Beige",,,1,122,5,7,3,133,1,1,2,1,JW-64B,archived,GUANGZHOU / Guangzoh `JW-64B (exact),"GUANGZHOU (8), HY (2), KASSIDYxx (2), ELABORATEXxx (2)",oem-sheffield-research.md,Other spec value
IMG/DWW/00098,top,Glass Rack 36 Compartment JW-36,OEM SHEFFIELD,Dishwashers > Dishwasher Racks,,Complete,,,,1,111,5,7,3,141,1,1,3,1,JW-36,archived,,"GUANGZHOU (8), HY (2), KASSIDYxx (2), ELABORATEXxx (2)",oem-sheffield-research.md,
IMG/DWW/00101,top,Glass Rack 16 Compartment JW-16,OEM SHEFFIELD,Dishwashers > Dishwasher Racks,,Complete,,,,1,133,5,7,3,142,1,1,2,1,JW-16,published,,"GUANGZHOU (8), HY (2), KASSIDYxx (2), ELABORATEXxx (2)",oem-sheffield-research.md,
IMG/DWW/00103,top,Plate Rack 25 Compartment JW-25B,OEM SHEFFIELD,Dishwashers > Dishwasher Racks,,Complete,,,,1,115,5,7,3,142,1,1,1,1,JW-25B,published,,"GUANGZHOU (8), HY (2), KASSIDYxx (2), ELABORATEXxx (2)",oem-sheffield-research.md,
IMG/DWW/00104,top,Glass Rack 25 Compartment JW-25,OEM SHEFFIELD,Dishwashers > Dishwasher Racks,,Complete,,,,1,128,5,7,3,141,1,1,4,1,JW-25,published,,"GUANGZHOU (8), HY (2), KASSIDYxx (2), ELABORATEXxx (2)",cambro-research.md;oem-sheffield-research.md,
IMG/DWW/00105,top,Mobile Plate Rack - Capacity 48 Plates,OEM SHEFFIELD,Dishwashers > Dishwasher Racks,,Complete,,,,1,98,5,8,5,134,1,1,0,1,JW-DC48,archived,,"GUANGZHOU (8), HY (2), KASSIDYxx (2), ELABORATEXxx (2)",oem-sheffield-research.md,
IMG/DWW/00107,top,Plate Racks 64 Comp Camrack Grey,CAMBRO,Dishwashers > Dishwasher Racks,DISHWASHERS,Sources disagree,Listing says 64 compartments; the Cambro part sourced (PR59314) is a 5 x 9 peg rack holding 18 plates. Confirm which product this is.,,,0,0,0,0,0,0,0,1,4,0,PR59314151,archived,CAMBRO / CAMBRO `PR59314151 (exact),CAMBRO (1),cambro-research.md,Dimensions
IMG/DWW/00110,top,Open Rack Jw-Ss,OEM SHEFFIELD,Dishwashers > Dishwasher Racks,DISHWASHERS,Sources disagree,duplicate of IMG/DWW/00143 - merge or keep both,,,1,128,5,6,2,134,1,1,0,1,JW-S,published,,"GUANGZHOU (8), HY (2), KASSIDYxx (2), ELABORATEXxx (2)",oem-sheffield-research.md,Model code / identity
IMG/DWW/00142,top,Open Plate & Tray Rack Blue 25 Compartment,OEM SHEFFIELD,Dishwashers > Dishwasher Racks,,Complete,,,,1,114,5,7,3,137,1,1,1,1,JW-25P,archived,,"GUANGZHOU (8), HY (2), KASSIDYxx (2), ELABORATEXxx (2)",oem-sheffield-research.md,
IMG/DWW/00143,top,Open Rack JW-S,OEM SHEFFIELD,Dishwashers > Dishwasher Racks,DISHWASHERS,Sources disagree,duplicate of IMG/DWW/00110 - merge or keep both,,,1,16,2,6,2,85,1,1,0,1,JW-S,archived,,"GUANGZHOU (8), HY (2), KASSIDYxx (2), ELABORATEXxx (2)",oem-sheffield-research.md,Model code / identity
IMG/DWW/00144,top,Cutlery Rack JW-C,OEM SHEFFIELD,Dishwashers > Dishwasher Racks,DISHWASHERS,Sources disagree,"photograph is byte-identical to JW-S, shows the wrong rack",,,1,130,5,6,2,135,1,1,0,1,JW-C,archived,,"GUANGZHOU (8), HY (2), KASSIDYxx (2), ELABORATEXxx (2)",oem-sheffield-research.md,Wrong photograph
IMG/DWW/00150,top,Glass Rack 49 Compartment JW-49,GUANGDONG PERFECT,Dishwashers > Dishwasher Racks,DISHWASHERS,No supplier data,No published specification found for JW-49.,,,0,0,0,0,0,0,0,1,1,0,JW-49,archived,,,oem-placeholder-brands-research.md,Other spec value
IMG/DWW/00156,top,CB Combination Rack,COMENDA,Dishwashers > Dishwasher Racks,,Complete,,,,1,93,4,6,4,133,1,1,2,0,CB-12/18,archived,,COMENDA (2),comenda-research.md,
IMG/DWW/00157,top,Plate Rack,COMENDA,Dishwashers > Dishwasher Racks,,Complete,,,,1,92,4,6,4,141,1,1,1,0,PR,archived,,COMENDA (2),comenda-research.md,
IMG/DWW/00149,top,Hood Type Dishwasher,Hatton,Dishwashers > Hood Type Dishwashers,,Complete,,,,1,112,6,18,15,158,1,1,0,1,HT-Z1,published,,,hatton-research.md,
IMG/HOT/00255,top,6 Burner Gas Range with Gas Oven RGR36 Redline,SHEFFIELD REDLINE,Cooking Equipment > Cooking Ranges,COOKING EQUIPMENT,Our records only,no external source published - written from our own records,,,0,0,8,0,0,0,1,1,0,1,RGR36,published,,,hk-redline-research.md,Other spec value
IMG/HOT/00437,top,6 Burner Gas Range with Gas Oven HDSGR-36,HDS,Cooking Equipment > Cooking Ranges,,Complete,,,,1,114,5,8,5,124,1,1,0,0,HDSGR-36,archived,,,hds-research.md;sap-reconciliation-research.md,
IMG/HOT/00048,top,4 Burner Table Top Fagor CG7-40,FAGOR,Cooking Equipment > Cooking Ranges,COOKING EQUIPMENT,Sources disagree,"our power figures belong to the CG7-40 H, a different model",,,1,106,6,11,8,149,1,1,0,1,CG7-40,published,CANCELLED IMPORTED ITEMS / FAGOR `CG7-40 (exact),CANCELLED IMPORTED ITEMS (2),fagor-research.md,Model code / identity
IMG/HOT/00049,top,4 Burner Table Top Fagor CG6-40,FAGOR,Cooking Equipment > Cooking Ranges,,Complete,,,,1,114,6,11,8,144,1,1,0,1,CG6-40,published,,CANCELLED IMPORTED ITEMS (2),fagor-research.md;kusina-research.md,
IMG/HOT/00067,top,4 Burner Table Top H Kitchen,HK-REDLINE,Cooking Equipment > Cooking Ranges,COOKING EQUIPMENT,No supplier data,"No source carries this code. The only image found is an unlabelled marketplace photo, so nothing can be verified against it.",,,1,17,2,3,0,77,1,1,0,1,SOT-4S,published,H KITCHEN / H-KITCHEN `SOT--4S (exact),"H KITCHEN (43), KASSIDYxx (2)",h-kitchen-research.md;hk-redline-research.md,Wrong photograph
IMG/HOT/00120,top,4 Burner Gas Range + Electric Oven Kusina,KUSINA,Cooking Equipment > Cooking Ranges,,Complete,,,,1,129,6,25,22,149,1,1,2,1,G7K210G-E,published,,KUSINA (1),kusina-research.md,
IMG/HOT/00256,top,4 Burner Gas Range with Gas Oven RGR24 Redline,SHEFFIELD REDLINE,Cooking Equipment > Cooking Ranges,COOKING EQUIPMENT,Our records only,no external source published - written from our own records,,,0,0,8,0,0,0,1,1,0,1,RGR24,published,,,,Other spec value
IMG/HOT/00267,top,4 Burner Gas Range Table Top EHP-4S,H-KITCHEN,Cooking Equipment > Cooking Ranges,,Complete,,,,1,126,6,13,10,152,1,1,2,1,EHP-4S,archived,,"H KITCHEN (2), BRAVO (1)",h-kitchen-research.md,
IMG/HOT/00438,top,Gas Burners with Oven and 24 Inch Griddle/Salamander,HDS,Cooking Equipment > Cooking Ranges,,Complete,,,,1,130,5,8,6,119,1,1,4,0,HDSGR60-GS24,archived,,,hds-research.md;sap-reconciliation-research.md,
